"","ChineseHamster1","ChineseHamster2","ChineseHamster3","ChineseHamster4","ChineseHamster5","Dog1","Dog2","Dog3","Goat1","Goat2","Goat3","GoldenHamster1","GoldenHamster2","GoldenHamster3","GoldenHamster4","GuineaPig1","GuineaPig2","GuineaPig3","GuineaPig4","Human1","Human2","Human3","Human4","Monkey1","Monkey2","Monkey3","Monkey4","Monkey5","Mouse1","Mouse2","Mouse3","Mouse4","Mouse5","Pig1","Pig2","Pig3","Pig4","Pig5","Rabbit1","Rabbit2","Rabbit4","Rabbit5","Rat1","Rat2","Rat3","Zebrafish1","Zebrafish2","Zebrafish3"
"miR-146-5p",2465,2694,2040,2177,1337,1078,1293,791,5142,4823,3589,1,26,15,2,768,1162,483,386,638,1261,217,141,17,273,275,516,98,0,552,191,91,11,3392,4052,4413,5557,4038,35,80,71,66,728,2033,1497,0,10,40
"miR-148-3p/152-3p",2410,2521,2743,1466,1265,554,230,40,4397,4729,2449,163,215,202,160,129,117,113,121,200,330,323,167,607,399,459,476,628,1,1618,974,296,226,24150,60951,36878,42609,40673,46,135,91,55,11,4,440,0,1,4
"miR-30-5p",1339,936,1036,987,677,1606,1177,778,5662,6403,4349,1828,2219,1732,2177,3457,5579,3810,2368,1617,3726,1572,2391,4587,5790,6486,20147,8328,3034,53021,28213,21997,3507,13419,21324,16894,19785,16284,453,429,338,708,382,50,909,2065,344,1831
"miR-191-5p",839,755,780,805,770,412,339,239,1502,1201,828,200,381,234,273,560,652,249,214,892,1148,831,1416,376,499,421,1759,1292,62,7766,4538,814,517,866,1017,779,1594,1479,403,558,717,404,108,285,383,8,175,23
"miR-27-3p",828,617,742,621,221,230,270,188,1921,1972,1217,286,582,384,827,263,571,608,341,282,926,218,338,218,93,290,451,314,6,5474,4255,1470,692,555,417,845,823,690,7,9,48,89,16,1,67,58,65,175
"miR-25/32-5p/92-3p",790,798,1657,859,554,244,162,100,570,775,567,373,517,402,336,670,1433,1222,617,1284,3015,1280,2138,970,984,994,2794,1866,203,6914,7178,4609,202,2116,5090,3472,4193,5213,565,479,747,603,17,245,306,664,317,708
"let-7-5p/98-5p",658,545,2199,1133,1774,1164,971,654,1446,1473,755,319,418,339,381,192,185,385,363,423,3192,110,725,1392,615,1447,3305,2087,1162,19477,7965,6109,1272,2057,5881,2568,4755,2940,67,66,127,1106,8648,10421,15295,279,67,215
"miR-335-3p",571,598,14,328,22,14,27,13,47,118,13,2,23,4,0,48,195,84,116,121,21,64,71,134,92,46,159,201,0,179,280,1,0,11,123,31,10,2,15,5,1,10,93,48,31,0,0,0
"miR-26-5p",541,391,665,160,538,1867,1801,946,2938,3666,3427,381,310,321,159,943,1330,937,700,1213,2177,849,963,1192,428,808,2715,1373,525,11576,5027,827,285,2285,4249,4058,3972,5273,197,248,227,426,704,578,933,713,411,1633
"miR-96/1271-5p",401,91,98,358,16,69,95,20,8,57,47,21,68,44,61,51,52,120,26,369,576,142,192,76,206,104,564,178,232,1431,345,778,547,809,1717,488,1720,1378,0,0,5,1,34,301,317,0,0,0
"miR-423-3p",333,107,12,51,25,49,19,5,23,77,66,0,13,13,0,121,327,161,116,240,380,71,309,195,27,149,202,337,0,53,64,0,16,595,391,487,1400,528,7,17,47,118,0,0,0,0,0,0
"miR-183-5p",196,42,3,4,220,5,0,0,0,0,0,5,13,52,94,22,7,2,1,82,19,10,98,3,91,1,0,9,1,2150,2285,761,78,538,1738,768,476,741,0,0,0,0,24,377,233,0,0,2
"miR-125-5p/351-5p",188,2,871,88,265,1376,1605,883,1654,1912,1633,45,148,170,26,234,219,61,223,379,2339,229,504,808,682,2091,3644,1107,23,1298,193,611,4,9498,11814,8524,14664,10089,16,21,61,204,1484,444,674,2537,771,949
"miR-141-3p/200a-3p",133,0,0,0,0,19,4,20,6,65,39,2,3,27,15,75,64,64,52,0,0,11,0,3,16,0,122,26,0,444,170,627,11,0,241,227,264,0,14,0,4,27,0,0,2,91,135,10
"miR-30-3p/6693-3p",123,0,112,0,0,0,10,0,0,2,0,0,0,20,0,18,2,2,0,0,34,0,0,0,56,0,0,125,0,0,0,0,0,5,0,198,7,0,0,0,0,0,0,0,67,0,17,0
"miR-204-5p/211-5p",113,29,82,87,0,0,3,3,3,113,41,22,71,4,12,642,867,549,374,36,50,11,52,187,20,167,479,183,0,0,0,0,0,79,405,461,13,233,3,18,0,1,1,18,10,481,75,380
"miR-455-3p",101,0,0,0,0,0,0,0,30,0,13,0,0,0,0,9,47,63,0,0,0,0,0,0,0,0,0,0,0,1,0,0,0,0,0,0,0,0,0,0,0,1,0,0,0,0,0,0
"miR-423-5p",98,137,254,217,116,281,324,168,222,392,534,63,8,2,17,54,142,46,126,108,273,90,145,371,151,405,435,111,1,1994,586,95,4,905,1600,806,862,955,20,45,39,9,6,4,303,0,0,0
"miR-320",96,90,108,124,19,0,13,0,0,0,0,0,0,18,0,0,0,1,6,0,10,48,43,7,2,27,80,3,50,50,0,0,0,30,441,108,58,9,0,19,0,3,0,0,0,0,0,0
"miR-15-5p/16-5p",91,109,39,48,10,151,132,43,75,89,7,76,23,58,54,17,128,10,4,375,245,157,203,240,498,606,1185,845,12,845,1079,300,250,641,957,209,904,624,11,43,62,50,377,8,6,0,3,0
"miR-22-3p",90,17,1,135,156,135,116,84,333,407,235,44,39,12,0,120,143,82,205,569,917,240,528,355,605,962,2571,1417,8,723,1009,179,0,1820,1705,2177,2101,2183,64,166,36,321,0,3,7,9,4,4
"miR-365",85,0,0,0,0,4,0,0,3,0,0,0,4,0,0,2,0,0,0,0,0,0,0,0,0,0,0,0,0,0,56,0,0,0,0,0,0,0,0,0,0,0,2,0,0,0,0,0
"miR-30a-3p",72,0,0,0,0,0,0,0,0,0,0,0,0,0,0,1,42,0,0,0,0,4,0,0,0,2,0,17,0,0,0,0,0,0,569,0,0,8,0,0,0,0,0,0,0,1,0,0
"miR-30-3p",60,0,0,0,34,9,0,11,37,35,0,30,49,38,67,0,144,16,0,0,0,58,19,2,0,42,231,1,200,439,468,4,0,2,20,28,116,1263,0,1,12,1,14,131,284,176,0,0
"miR-103-3p/107-3p",51,0,6,98,0,6,10,0,5,0,0,4,0,0,0,0,0,0,0,0,0,15,0,1,0,1,0,38,0,537,0,238,0,11,367,92,102,0,0,19,16,3,0,150,0,0,0,0
"miR-292a-3p/467a-5p",44,8,125,0,0,0,0,0,0,0,0,61,99,55,65,0,0,0,0,0,0,0,0,0,0,0,0,0,0,2,0,0,0,0,0,0,0,0,0,0,0,0,979,542,200,0,0,0
"miR-7-5p",32,71,164,94,2,4,3,0,184,314,58,10,0,0,3,3,96,0,0,80,89,81,102,163,12,127,107,124,0,73,0,3,0,180,286,153,847,506,2,50,44,15,148,277,49,46,0,94
"miR-335-5p",20,2,230,177,0,1251,1139,415,2825,2782,1596,122,123,124,47,203,540,235,287,154,162,129,116,674,504,493,1933,570,621,3448,1586,2091,630,4098,7128,4144,4985,4104,331,763,669,437,1,79,9,0,0,0
"miR-151-5p",13,10,81,164,102,567,465,286,1048,1180,905,57,26,70,104,392,317,332,113,713,739,270,541,218,143,387,974,634,332,1203,542,97,63,955,2203,674,1938,1328,24,103,49,70,7,39,149,0,1,0
"miR-500-3p/501-3p",13,6,175,0,67,0,0,0,0,0,0,0,0,0,9,0,0,0,0,0,0,0,0,0,1,0,0,6,1,2710,112,322,56,1,0,0,0,0,0,0,0,0,2,0,1,0,0,0
"miR-325-3p",9,21,1,23,0,0,0,0,0,0,0,0,0,0,0,0,0,0,0,0,0,0,0,0,0,0,0,0,0,0,0,0,0,0,0,0,0,0,0,0,0,0,0,0,0,0,0,0
"miR-23b-5p",8,0,0,0,0,0,0,5,0,0,0,0,0,11,0,0,1,14,0,3,0,0,0,0,0,0,0,0,0,0,0,0,0,0,0,0,0,0,0,0,0,17,0,0,0,0,0,0
"miR-133-3p",6,0,0,0,0,0,0,0,0,0,0,0,0,0,0,0,0,0,0,0,0,0,0,0,0,8,0,0,0,0,2,0,0,0,0,0,0,0,0,0,0,0,0,0,0,0,0,0
"miR-182-5p",6,40,113,24,0,45,42,1,114,36,76,110,126,72,246,90,65,8,9,308,406,201,183,53,100,177,291,158,591,14800,7302,7783,1245,3643,6201,5093,6083,4702,1,0,23,8,538,389,173,2,30,0
"miR-451",6,0,0,0,0,0,0,0,2,0,0,0,0,2,0,0,1,0,1,0,0,0,2,49,5,27,397,0,0,0,0,7,0,2,0,0,7,9,23,0,0,14,0,0,0,0,0,55
"miR-365-3p",5,33,103,181,22,0,1,0,0,5,0,0,0,3,0,1,0,1,3,0,0,0,0,0,0,12,0,0,0,248,0,0,21,0,9,0,1,0,0,0,0,0,0,24,265,0,0,0
"miR-221-3p/222-3p",4,6,0,0,0,14,8,0,11,0,0,2,11,1,1,30,29,0,1,0,0,11,0,0,0,0,4,0,235,481,1,11,0,1,0,89,225,0,0,0,0,26,0,0,0,0,391,0
"miR-466dk-5p",4,0,0,0,0,0,0,0,0,0,0,0,0,0,0,0,0,0,0,0,0,0,16,0,0,0,0,4,0,0,0,0,0,0,0,0,0,0,0,16,0,2,143,41,139,0,0,0
"miR-205-5p",3,1,0,0,3,0,0,0,0,6,0,0,0,0,0,2,2,1,0,0,0,0,0,0,1,5,2,1,0,2,0,0,0,17529,30858,18387,22260,20673,1,0,2,0,0,0,0,30,0,50
"miR-290a-5p/292a-5p",3,1,0,166,0,0,0,0,0,0,0,4,26,53,0,0,0,0,0,0,0,0,0,0,0,0,0,0,0,287,401,462,0,0,0,0,0,0,0,0,0,0,8,576,1,0,0,0
"miR-361-5p",3,0,3,0,0,144,140,74,264,76,211,19,13,5,0,59,159,33,14,6,98,37,63,77,13,91,545,201,0,271,74,543,1,585,1330,210,1214,1055,0,0,5,47,113,212,188,0,0,0
"miR-664-3p",3,0,0,0,0,0,0,0,0,0,0,0,0,2,1,0,0,0,0,0,0,0,0,0,0,0,0,0,0,0,0,0,0,0,0,0,0,0,0,0,0,0,1,38,300,0,0,0
"miR-871-3p",2,1,0,0,0,0,0,0,0,0,0,0,0,0,0,0,0,1,1,1,0,0,0,1,0,0,2,0,7,6097,2512,2329,647,1,1,0,0,0,0,0,0,0,173,216,65,0,0,0
"miR-10-5p",1,34,98,74,51,3491,3395,2007,37996,37523,31622,19,0,24,27,323,611,366,112,28,0,1,0,6,13,54,144,32,0,32,1,32,0,8601,20295,14700,16093,11018,22,18,24,40,310,478,387,241,136,148
"miR-19-3p",1,0,0,0,0,0,6,0,27,0,67,0,0,0,29,23,0,1,0,0,0,0,0,0,1,42,6,8,0,0,13,0,223,0,3,0,0,85,13,1,8,2,0,1,1,56,0,0
"miR-199-5p",1,0,0,75,7,3,0,1,0,0,0,0,0,1,0,42,2,0,13,0,0,3,63,1,4,0,7,47,0,6,0,0,0,9,109,0,0,0,0,0,0,1,0,1,0,613,286,510
"miR-2478",1,33,94,19,776,68,67,61,1561,1790,909,47,321,78,149,237,377,211,294,211,262,228,499,1143,656,850,599,1384,902,2402,4140,5181,1658,4501,4211,1276,2658,1880,163,261,125,250,1104,1725,2063,423,124,279
"miR-290/292-5p/293-5p",1,57,0,0,0,0,0,0,0,0,0,24,38,0,22,0,0,0,0,0,0,0,0,0,0,0,0,1,0,0,2,1,0,0,0,0,1,0,0,0,0,0,747,2704,1347,0,0,0
"miR-30a-3p/30d-3p/30e-3p",1,0,6,0,0,0,0,0,0,0,0,57,0,68,27,3,1,71,0,139,110,0,0,64,62,0,13,3,109,1,3,0,26,54,2,4,2,0,18,0,0,0,3,185,1,0,0,0
"miR-32-5p/92-3p/367",1,44,0,0,0,0,0,0,0,0,0,0,9,24,0,0,188,0,0,0,0,68,0,0,0,0,0,42,64,1204,11,0,1,294,0,1,0,190,0,0,0,0,0,0,0,0,0,0
"miR-340",1,0,0,0,0,0,10,0,0,24,0,0,0,0,0,0,6,0,0,0,0,20,2,0,10,0,0,8,0,0,146,0,0,0,1,0,0,0,0,0,4,2,0,0,0,0,0,0
"miR-425",1,0,0,0,0,0,0,0,0,0,0,0,0,13,0,3,0,0,0,1,0,1,1,0,0,48,1,0,0,0,0,0,0,0,0,0,0,0,0,0,8,0,0,0,0,0,0,0
"miR-455-3p.1",1,0,0,0,0,0,0,0,0,0,1,0,0,0,0,0,0,10,0,0,0,0,0,0,0,0,0,0,0,0,0,0,0,0,0,0,0,0,0,0,0,0,0,0,0,0,0,0
"miR-486",1,0,0,0,0,4,0,0,0,0,0,0,0,0,0,0,0,0,1,0,0,0,0,42,7,0,0,3,4,1,3,3,0,9,3,0,0,0,0,0,0,0,0,0,0,0,0,0
"miR-584",1,0,0,0,0,0,0,0,0,0,0,0,0,0,0,0,0,0,0,0,0,0,0,0,0,0,0,0,0,0,0,0,0,0,0,0,0,0,0,0,0,0,0,0,0,0,0,0
"miR-700-3p",1,0,0,0,0,0,0,0,0,0,0,0,0,0,0,0,0,0,0,0,0,0,0,0,0,0,0,0,0,291,0,0,0,0,0,0,0,0,0,0,0,0,0,1,0,0,0,0
"miR-741-3p",1,1,1,0,0,0,0,0,0,0,0,0,0,0,0,0,1,0,0,0,0,2,0,0,0,1,1,0,3,9908,2723,3439,128,0,1,0,3,1,0,0,2,0,1108,1871,963,0,0,0
"miR-743ab-3p",1,1,0,0,0,0,0,0,0,0,0,0,0,0,0,1,0,0,0,0,0,0,2,0,1,1,0,0,0,2930,1341,2694,473,0,0,0,0,1,1,1,0,0,184,799,983,1,0,0
"miR-151-3p",0,137,38,121,0,84,64,40,0,13,0,0,18,0,4,0,9,33,0,21,38,11,2,92,0,0,9,77,0,0,30,0,0,32,31,13,16,0,0,0,0,0,0,0,1,0,0,0
"miR-192-5p/215-5p",0,71,0,7,0,53,25,18,42,31,67,47,117,78,113,25,39,12,0,481,434,370,590,141,191,159,510,83,0,43,0,0,0,76,0,0,0,9,0,0,1,1,0,3,2,100,7,61
"miR-664-5p",0,58,0,0,0,0,0,0,0,0,0,0,0,3,0,0,0,0,0,0,0,0,0,0,0,0,0,0,0,0,1,114,0,0,0,0,0,0,0,0,0,0,0,4,1,0,0,0
"miR-185-5p",0,23,0,0,0,4,8,0,3,0,0,18,35,11,0,38,36,18,3,0,2,0,0,17,46,5,0,0,0,215,0,13,1,0,0,0,0,216,0,0,0,3,0,0,0,0,0,0
"miR-384",0,20,0,0,0,0,0,0,0,0,0,0,0,0,0,0,0,0,0,0,0,0,0,0,0,0,0,0,0,0,0,0,0,0,0,0,0,0,0,0,0,0,0,0,0,0,0,0
"miR-340-5p",0,18,0,0,0,0,0,4,0,0,0,0,0,0,0,0,0,0,0,61,67,10,29,1,0,6,0,7,0,424,0,2,73,0,0,0,0,5,0,0,0,0,0,0,0,0,0,0
"miR-486-5p",0,11,0,0,26,0,0,7,0,0,0,1,0,1,39,0,0,0,1,0,10,0,1,0,0,0,39,0,0,0,0,0,1,0,0,2,0,1,0,0,0,5,0,1,0,0,0,0
"miR-29-3p",0,8,0,0,0,1,0,0,20,5,34,7,51,21,15,6,8,7,17,7,55,1,35,332,322,263,9,10,0,0,0,0,0,159,0,351,575,0,49,32,107,46,11,88,218,0,0,0
"miR-130b-5p",0,7,2,0,0,0,0,0,115,139,37,0,0,0,0,0,6,20,0,32,0,0,0,0,6,0,0,21,0,0,0,0,0,0,2,103,0,1,2,0,0,0,0,1,1,347,21,82
"miR-21-5p",0,4,38,2,0,20,37,8,211,259,274,16,9,17,8,54,39,5,17,111,722,43,141,167,90,89,697,213,1,311,360,0,208,222,173,313,48,286,28,6,48,585,191,166,654,0,0,0
"miR-340-3p",0,4,0,0,0,0,0,1,0,0,0,0,0,2,18,26,0,0,0,0,0,0,1,0,0,0,0,0,13,0,0,90,225,15,0,0,0,0,0,0,0,1,0,0,0,0,0,0
"miR-183-5p.1",0,3,0,0,0,0,0,0,0,24,0,7,0,0,0,0,0,0,0,0,0,0,0,0,1,0,0,0,0,0,0,0,0,0,0,866,2,0,0,0,0,0,164,0,0,0,0,0
"miR-186-5p",0,2,0,24,0,111,137,93,93,101,43,17,13,15,3,81,162,93,29,32,31,19,82,138,78,76,74,338,0,1153,0,29,9,101,192,366,87,58,1,4,19,16,0,0,3,0,1,0
"miR-122-5p",0,1,0,0,0,1,0,0,0,0,0,0,0,0,0,0,0,0,0,0,0,0,0,104,414,160,133,41,0,0,0,0,0,0,0,0,0,0,0,0,0,0,3,0,0,0,0,0
"miR-1260a/1260b",0,1,0,0,0,0,0,0,1,2,0,0,19,0,0,0,0,0,0,0,0,0,0,0,0,31,7,0,0,0,0,0,0,0,0,9,2,1,0,0,10,0,2,91,90,0,0,0
"miR-1839-5p",0,1,0,0,0,0,0,0,7,69,4,0,1,4,0,76,170,149,102,2,35,11,40,205,207,98,514,196,0,129,139,0,0,58,61,7,87,0,69,142,67,79,115,0,85,0,0,0
"miR-331",0,1,0,0,0,0,0,0,0,0,0,0,0,0,0,0,30,0,0,0,0,0,0,0,0,1,0,0,0,0,0,0,0,0,0,0,3,0,0,0,2,0,0,0,0,0,0,0
"miR-709",0,1,0,0,0,0,0,0,0,0,0,0,0,0,0,0,0,0,0,0,0,0,0,0,0,0,0,0,0,0,0,0,0,0,0,0,0,0,0,0,0,0,0,0,0,0,0,0
"miR-99-5p/100-5p",0,1,343,11,297,1511,1884,1177,2624,2968,2274,104,234,104,20,122,279,324,204,798,2136,249,599,646,185,683,796,899,291,2771,1186,1052,268,1713,3456,3518,2452,2428,14,2,14,350,269,181,795,5714,1198,2898
"miR-202-5p",0,0,260,0,0,76,49,12,20,3,2,7,0,0,0,1,24,94,69,19,104,31,65,55,0,91,85,82,0,0,0,0,0,29,111,0,3,154,0,0,6,103,78,1,518,0,18,0
"miR-320-3p",0,0,182,0,0,9,3,0,0,0,0,0,0,0,0,0,0,28,0,0,126,19,1,0,0,0,0,0,0,11,0,0,0,64,0,0,3,0,0,0,0,0,0,0,0,0,0,0
"let-7d-3p",0,0,137,0,0,0,0,0,0,0,0,0,0,0,0,0,0,0,0,0,0,0,0,0,0,0,0,0,0,0,0,1,29,0,0,0,0,0,0,0,12,13,0,349,0,0,0,0
"miR-143-3p",0,0,94,3,68,36,7,34,120,85,138,49,57,32,99,45,14,32,0,0,94,0,21,85,49,96,8,13,180,0,0,2,0,1,287,0,0,0,0,10,0,4,16,18,18,14,0,0
"miR-450a",0,0,82,0,0,0,0,0,0,0,0,15,0,0,0,0,21,1,0,1,102,0,0,0,0,1,14,0,0,0,0,0,0,0,0,0,0,0,0,0,0,0,0,0,0,0,0,0
"miR-135-5p",0,0,58,0,0,0,0,0,44,48,76,0,0,0,0,0,0,0,0,0,57,1,21,17,0,0,10,0,0,0,0,0,0,0,0,0,0,0,8,11,3,0,2,266,178,0,0,67
"miR-375",0,0,34,0,0,11,0,0,0,0,0,0,0,0,0,15,0,0,0,0,0,0,0,0,0,0,0,0,0,0,0,0,0,0,0,0,0,8,0,0,0,5,6,7,1,62,0,1
"miR-484",0,0,16,0,0,0,16,0,0,5,1,22,0,48,2,1,2,0,0,18,61,26,5,0,6,44,2,0,46,3363,1389,14,539,396,390,597,603,15,0,0,0,7,0,0,0,0,0,0
"miR-125-5p/670-5p",0,0,11,19,326,123,0,75,21,634,7,14,1,2,0,36,23,97,0,45,0,3,174,241,526,0,38,109,0,0,0,0,0,4,299,1626,0,178,1,0,1,13,671,3,1366,1,159,527
"miR-125a-3p",0,0,10,0,6,0,0,0,0,0,0,0,0,1,0,0,0,0,0,0,0,0,36,0,0,0,0,1,0,0,0,0,0,0,0,0,0,0,0,0,0,0,0,1,0,0,0,0
"miR-199-3p/3129",0,0,7,0,0,0,0,0,0,0,0,0,0,0,0,0,0,3,0,0,0,0,2,3,0,0,1,0,0,1,0,0,0,0,10,0,22,0,0,0,0,0,0,0,0,0,0,0
"miR-31-5p",0,0,4,0,0,0,7,0,2,0,4,0,0,0,0,1,0,6,8,1,1,0,0,2,1,8,82,12,0,1,0,0,0,0,5,4,0,79,20,0,0,41,0,0,0,0,0,0
"miR-181-5p",0,0,2,0,1,25,18,1,41,13,9,8,0,0,0,27,10,5,4,3,144,0,9,121,4,17,13,89,0,0,0,0,0,0,1,0,0,0,19,0,8,9,1,3,100,141,123,480
"miR-199-3p",0,0,2,0,0,0,0,0,0,0,0,0,0,0,0,18,16,0,3,0,0,0,1,0,49,8,45,10,0,0,0,0,0,41,7,46,2,64,0,28,0,0,1,0,1,1,0,0
"miR-516-5p",0,0,2,0,0,0,0,0,0,0,0,0,0,0,0,0,0,0,0,303,458,149,121,1541,1193,2242,6374,2503,0,0,0,0,0,1,0,0,0,1,0,0,0,1,0,0,0,0,0,0
"miR-484/3155",0,0,0,62,0,0,0,0,2,0,0,0,3,0,0,0,0,0,0,0,0,0,39,0,0,0,12,63,0,1,0,0,9,0,0,0,0,369,8,1,18,0,0,0,0,0,0,0
"miR-5119",0,0,0,43,0,0,0,0,0,0,0,0,0,0,0,0,0,0,0,0,0,0,0,0,15,0,0,0,0,0,0,0,0,0,0,0,0,0,0,0,0,0,0,0,0,0,0,0
"miR-298-5p",0,0,0,28,4,0,0,0,0,0,1,16,18,16,26,0,0,0,0,0,0,0,0,0,0,1,0,0,419,2440,1970,571,0,0,0,0,0,0,0,0,0,0,9,611,6,0,0,0
"miR-149-5p",0,0,0,18,44,0,0,0,0,0,0,0,0,0,0,0,1,1,0,1,13,53,1,7,0,28,13,4,0,104,50,17,0,0,0,0,0,0,0,0,0,0,0,0,0,0,0,0
"miR-362-5p",0,0,0,17,0,7,0,22,95,66,81,0,0,0,0,0,1,0,0,0,0,0,0,0,0,0,274,14,0,718,400,142,0,12,112,2,8,0,0,0,0,0,0,2,1,0,0,0
"miR-499",0,0,0,11,0,10,0,0,2,423,3,1,0,0,0,33,0,13,0,0,0,0,0,0,218,0,7,67,0,0,0,0,0,530,56,560,374,8,0,4,0,4,0,0,0,0,0,0
"miR-20/93/106",0,0,0,4,0,0,0,0,1,25,0,3,0,0,0,0,0,0,0,0,0,0,0,0,0,0,3,0,0,0,0,0,0,0,236,203,0,4,0,0,1,6,0,0,0,0,0,0
"miR-362-5p/500b-5p",0,0,0,4,0,0,0,0,1,0,0,0,25,0,0,0,0,0,0,0,0,29,0,41,0,0,12,86,0,1,0,0,0,0,1,0,340,60,0,0,0,0,0,1,0,0,0,0
"miR-344-5p/484/6334",0,0,0,3,0,0,0,0,0,0,0,0,35,0,0,0,0,0,0,0,5,0,0,0,0,0,0,4,0,0,2,0,0,0,0,1,1,0,0,0,3,0,0,0,0,0,0,0
"miR-126-3p",0,0,0,2,0,0,0,0,0,0,0,0,0,0,0,12,25,1,1,0,0,0,13,38,55,25,213,65,0,0,0,0,0,0,0,0,0,0,0,0,0,0,0,0,0,0,0,0
"miR-128-3p",0,0,0,1,0,6,0,3,1,1,0,0,0,0,24,0,8,5,0,0,1,0,0,13,11,3,0,0,0,0,0,0,314,1993,3682,2973,4534,3088,27,0,2,3,202,436,212,0,0,0
"miR-322-3p",0,0,0,1,0,0,0,0,0,0,0,0,0,0,0,0,0,0,0,0,0,0,0,0,0,0,0,0,0,0,0,0,0,0,0,0,0,0,1,0,0,0,1,0,40,0,0,0
"miR-4485-3p",0,0,0,1,0,0,0,0,0,0,0,0,0,0,0,0,0,0,0,83,64,104,131,6,6,94,18,33,0,0,0,0,0,0,0,0,0,0,0,0,0,0,0,0,0,0,0,0
"miR-465a-5p/465c-5p",0,0,0,1,0,0,0,0,0,0,0,0,0,0,0,0,0,0,0,0,0,0,0,0,0,0,0,0,118,876,609,878,162,0,0,0,0,0,0,0,0,0,6,12,8,0,0,0
"miR-470-5p",0,0,0,1,0,0,0,0,0,0,0,0,0,0,0,0,0,0,0,0,0,0,0,0,0,0,0,0,4,2394,2313,477,1,0,0,0,0,0,0,0,0,0,11,35,26,0,0,0
"miR-502a",0,0,0,1,0,0,0,0,1,0,0,0,0,0,0,0,0,0,0,5,0,0,1,0,15,0,13,0,0,0,0,0,0,0,0,0,0,0,0,0,19,0,0,0,0,0,0,0
"miR-499-5p",0,0,0,0,161,21,13,8,294,195,321,0,0,0,0,19,51,0,0,3,0,0,0,0,1,60,141,64,0,0,0,0,0,229,349,4,1,1164,6,2,35,0,0,0,0,0,0,0
"miR-23-3p",0,0,0,0,147,0,4,24,2,1,202,13,10,0,4,5,21,0,32,0,19,0,1,0,0,0,1,0,0,513,583,7,0,0,1,17,46,100,0,0,0,2,0,115,73,0,0,14
"miR-1843a-5p",0,0,0,0,72,0,0,0,0,0,0,0,0,8,8,0,0,0,0,0,0,0,0,0,0,0,0,0,0,0,1,0,0,0,0,0,0,0,0,0,0,0,0,1,0,0,0,0
"miR-24-5p",0,0,0,0,49,0,0,0,0,0,0,17,8,9,0,0,0,0,0,0,0,0,0,0,0,0,0,0,0,0,0,0,0,0,0,0,93,0,0,0,0,0,0,0,0,0,0,0
"miR-106b-3p",0,0,0,0,11,0,0,11,1,0,0,0,0,0,0,0,0,0,0,0,0,11,0,33,0,3,0,0,0,0,0,0,0,0,98,0,0,0,0,0,0,0,0,1,0,0,0,0
"miR-450a-5p",0,0,0,0,3,0,0,0,22,0,0,0,11,0,0,5,6,3,0,0,15,7,5,4,0,0,0,0,0,2,0,19,0,0,0,0,0,0,0,0,0,0,0,19,123,0,0,0
"miR-28-3p",0,0,0,0,2,0,0,13,0,0,0,0,1,3,0,0,0,0,0,15,37,8,13,5,6,2,0,2,0,0,0,0,0,0,0,0,0,0,0,0,0,0,2,0,0,0,0,0
"miR-127",0,0,0,0,1,0,0,0,0,0,0,0,0,0,0,0,6,2,0,0,0,2,0,98,59,113,83,194,0,401,16,0,0,2,0,0,0,0,0,0,1,0,2,26,153,0,0,0
"miR-501",0,0,0,0,1,0,0,0,0,0,0,0,0,0,0,0,0,0,0,0,42,0,0,0,0,0,0,0,0,0,0,1,0,0,0,0,0,0,0,0,0,0,0,0,0,0,0,0
"miR-374",0,0,0,0,0,106,19,66,0,11,1,0,0,0,0,0,13,14,31,24,0,11,15,116,34,103,214,10,0,0,0,0,0,0,394,0,12,11,0,0,0,0,0,0,0,0,0,0
"miR-885-5p",0,0,0,0,0,51,48,4,0,0,0,0,0,0,0,0,0,0,0,0,0,0,2,257,117,233,1543,769,0,0,0,0,0,0,0,0,0,0,0,0,0,0,0,0,0,0,0,0
"miR-200bc-3p/429",0,0,0,0,0,45,18,22,201,111,162,125,114,59,78,163,139,253,55,3,0,39,2,95,14,69,0,4,10,1742,1483,827,95,20,1197,60,288,649,1,2,5,32,1,17,3,228,120,290
"miR-885-3p",0,0,0,0,0,43,10,27,0,0,0,0,0,0,0,1,0,0,0,1,0,0,0,37,2,7,250,52,0,0,0,0,0,0,0,0,0,0,0,0,0,0,0,0,0,0,0,0
"miR-8908-3p",0,0,0,0,0,32,19,14,0,0,0,0,0,0,0,0,0,0,0,0,0,0,0,0,0,0,0,0,0,0,0,0,0,0,0,0,0,0,0,0,0,0,0,0,0,0,0,0
"miR-381-3p",0,0,0,0,0,23,11,6,0,0,0,0,0,0,0,2,25,0,0,0,0,0,0,0,0,0,0,42,0,0,0,0,0,0,0,0,0,0,0,0,0,0,0,0,0,0,0,0
"miR-371-5p",0,0,0,0,0,20,16,19,0,0,0,152,205,299,256,0,0,0,0,1069,1117,1040,981,326,50,82,408,89,0,0,0,0,0,8,0,31,63,0,2,1,0,0,0,0,0,0,0,0
"miR-411-3p",0,0,0,0,0,18,0,0,0,0,0,0,0,0,0,0,0,0,0,0,0,0,0,0,3,15,0,0,0,0,0,0,0,0,0,0,0,0,0,0,0,7,0,0,0,0,0,0
"miR-92a-1-5p",0,0,0,0,0,18,0,0,0,0,0,0,0,0,0,0,0,0,0,0,15,0,0,0,0,0,0,2,0,0,0,0,0,0,0,0,0,0,0,0,0,0,0,0,0,0,0,0
"miR-503-5p",0,0,0,0,0,17,9,0,71,50,77,0,0,0,0,0,1,0,0,0,0,0,0,0,0,34,0,19,0,0,0,0,0,8,0,85,9,116,0,0,14,0,0,0,1,0,0,0
"miR-8908-5p",0,0,0,0,0,17,3,13,0,0,0,0,0,0,0,0,0,0,0,0,0,0,0,0,0,0,0,0,0,0,0,0,0,0,0,0,0,0,0,0,0,0,0,0,0,0,0,0
"miR-221-5p",0,0,0,0,0,15,7,0,0,0,0,0,0,0,0,0,0,0,0,0,20,0,0,0,0,0,0,0,0,0,0,0,0,0,0,0,0,0,0,0,0,1,0,0,0,0,16,0
"miR-652",0,0,0,0,0,15,0,5,1,15,7,1,1,1,0,0,0,0,0,0,8,0,0,0,0,1,14,42,0,0,42,0,0,0,70,22,0,224,0,0,0,0,0,0,0,0,0,0
"miR-1343-3p",0,0,0,0,0,14,5,6,1,0,0,0,0,3,0,0,0,0,0,0,0,0,0,0,0,0,0,0,0,0,0,0,0,0,17,0,35,0,0,0,0,0,0,0,0,0,0,0
"miR-503",0,0,0,0,0,14,0,21,0,0,0,0,0,0,0,0,0,0,0,0,0,0,0,0,0,0,1,1,0,0,0,0,0,0,2,0,16,0,0,0,0,0,0,0,0,0,0,0
"miR-9-5p",0,0,0,0,0,14,9,10,98,48,45,0,0,2,0,0,39,0,0,0,0,5,0,0,0,5,0,52,0,0,0,0,0,107,53,3,31,12,0,4,5,26,103,85,7,424,0,0
"miR-101a-3p.2/101b-3p.1/101b-3p.2",0,0,0,0,0,10,0,0,0,4,0,0,0,0,0,0,0,0,0,0,0,0,0,8,2,2,0,0,0,0,20,0,0,0,1,0,0,0,0,0,0,0,0,0,0,0,0,0
"miR-34-5p/449-5p",0,0,0,0,0,10,0,9,2,0,0,0,0,0,0,0,153,78,72,0,0,0,0,0,0,0,0,1,0,0,0,0,0,18,139,29,284,1,0,0,0,0,1,1,1,0,0,0
"miR-495",0,0,0,0,0,10,0,0,33,0,0,0,0,0,0,0,0,0,0,0,0,0,0,0,4,0,0,0,0,0,0,0,0,0,0,0,0,0,0,0,0,0,0,0,0,0,0,0
"miR-9-3p",0,0,0,0,0,10,3,0,74,101,50,0,0,0,0,0,1,1,0,0,0,0,0,0,0,0,0,59,0,0,0,0,0,0,0,0,4,37,20,2,0,8,0,2,127,4,0,18
"miR-10b-3p",0,0,0,0,0,9,9,8,367,339,192,0,0,0,1,0,2,6,0,0,0,0,0,0,0,0,0,0,0,0,0,0,0,594,2,66,303,230,15,0,2,0,0,0,1,0,0,0
"miR-145-3p",0,0,0,0,0,9,6,3,0,0,0,1,0,0,5,10,0,0,0,0,0,0,10,0,13,0,0,0,0,0,0,0,0,0,0,0,0,0,0,0,0,0,1,1,2,85,4,3
"miR-500",0,0,0,0,0,9,4,0,22,1,16,0,0,0,0,0,0,0,0,109,0,0,5,0,0,0,0,3,0,0,0,0,0,2,201,0,22,0,0,0,0,0,0,0,0,0,0,0
"miR-380",0,0,0,0,0,8,0,5,0,0,0,0,0,0,0,0,0,0,0,0,0,0,0,0,0,0,0,18,0,0,0,0,0,0,0,0,0,0,0,0,0,0,0,0,0,0,0,0
"miR-411a",0,0,0,0,0,8,0,0,2,0,0,0,0,0,0,0,0,0,0,0,0,0,0,0,0,0,0,0,0,0,0,0,0,0,0,0,0,0,0,0,0,0,0,0,0,0,0,0
"miR-424",0,0,0,0,0,8,0,0,0,0,0,0,0,0,0,0,0,0,0,0,1,0,0,0,0,4,0,0,0,0,0,0,0,0,0,0,0,0,0,0,0,0,0,0,0,0,0,0
"miR-132-3p/212-3p",0,0,0,0,0,7,0,0,0,0,3,0,0,0,0,0,0,0,0,0,1,0,0,0,0,0,14,0,0,0,0,0,0,0,0,0,0,0,0,14,0,22,337,0,0,0,0,0
"miR-652-3p",0,0,0,0,0,7,6,0,23,0,0,0,9,4,1,0,1,0,0,14,0,0,0,0,3,0,0,2,0,0,0,0,0,1,3,194,0,80,0,0,0,0,0,0,0,0,0,0
"miR-654-3p",0,0,0,0,0,7,0,1,0,0,0,0,0,0,0,0,0,0,0,0,0,0,0,0,0,0,0,17,0,0,0,0,0,0,0,0,0,0,0,0,0,0,0,0,0,0,0,0
"miR-101",0,0,0,0,0,6,4,4,0,0,0,0,0,0,0,0,0,1,27,0,0,0,87,10,26,10,157,35,0,0,0,0,0,0,1,0,133,0,0,28,0,0,0,0,0,0,0,0
"miR-153-3p",0,0,0,0,0,6,2,0,0,0,0,0,0,0,0,0,0,0,0,0,0,0,0,0,0,0,0,0,0,0,0,0,0,0,0,0,0,0,0,0,0,0,0,0,0,0,0,0
"miR-24-3p",0,0,0,0,0,6,3,0,81,81,0,9,4,3,0,19,13,19,0,0,0,0,0,0,1,43,5,4,0,161,2,0,0,23,0,88,79,0,0,0,0,0,1,0,1,0,1,0
"miR-300-3p",0,0,0,0,0,6,3,15,0,0,0,0,0,0,0,0,0,0,0,0,0,0,0,0,0,0,0,0,0,0,0,0,0,0,0,0,0,0,0,0,0,0,0,0,0,0,0,0
"miR-34c",0,0,0,0,0,6,0,0,0,0,0,0,0,0,0,0,0,0,0,0,0,0,0,0,0,0,0,0,0,0,0,0,0,0,27,0,0,0,0,0,0,0,0,0,0,0,0,0
"miR-378/8826",0,0,0,0,0,6,0,0,0,39,5,0,0,0,0,0,0,0,0,1,0,0,0,0,0,0,0,0,0,0,0,0,0,0,35,0,0,0,0,0,0,0,111,0,0,0,0,0
"miR-425-5p",0,0,0,0,0,6,0,0,0,0,0,0,0,0,0,0,0,0,0,0,0,0,0,0,57,1,2,0,0,0,0,0,0,0,0,0,2,0,0,16,0,0,0,0,0,0,0,0
"miR-6087",0,0,0,0,0,6,0,0,0,0,0,0,0,0,0,0,3,0,0,36,11,60,57,0,13,475,113,76,0,250,0,0,0,0,1,0,0,0,7,2,0,0,0,0,0,0,0,0
"miR-8859a",0,0,0,0,0,6,0,0,0,0,0,0,0,0,0,0,0,0,0,0,0,0,0,0,0,0,0,0,0,0,0,0,0,0,0,0,0,0,0,0,0,0,0,0,0,0,0,0
"miR-8908d",0,0,0,0,0,6,2,21,0,0,0,0,0,0,0,0,0,0,0,0,0,0,0,0,0,0,0,0,0,0,0,0,0,0,0,0,0,0,0,0,0,0,0,0,0,0,0,0
"miR-8908f",0,0,0,0,0,6,0,0,0,0,0,0,0,0,0,0,0,0,0,0,0,0,0,0,0,0,0,0,0,0,0,0,0,0,0,0,0,0,0,0,0,0,0,0,0,0,0,0
"miR-1224-5p",0,0,0,0,0,5,0,0,0,0,0,0,0,0,0,1,1,2,6,0,0,0,0,0,0,0,0,0,0,0,0,0,0,0,0,0,0,0,0,0,0,0,0,0,0,0,0,0
"miR-132-5p",0,0,0,0,0,5,0,0,0,0,0,2,0,0,0,0,0,0,0,16,4,0,1,29,35,10,0,32,0,0,0,0,0,0,0,2,0,0,1,14,17,7,0,0,0,0,0,0
"miR-212-5p",0,0,0,0,0,5,4,11,0,0,0,0,0,0,0,0,1,0,0,1,10,0,0,0,0,0,18,0,0,5,0,0,0,0,0,0,0,0,0,0,0,0,0,0,0,0,0,0
"miR-23",0,0,0,0,0,5,0,0,92,109,1,18,2,40,0,19,0,0,0,0,2,0,0,0,0,0,0,0,0,197,0,0,0,0,9,0,30,200,0,0,0,0,78,1,0,0,83,0
"miR-31",0,0,0,0,0,5,0,4,0,29,1,0,0,0,0,20,10,16,12,0,44,2,0,0,47,0,166,37,0,24,0,0,0,0,65,26,0,11,0,0,6,3,0,0,0,0,0,0
"miR-338-5p",0,0,0,0,0,5,0,0,0,0,0,0,0,0,0,0,0,0,0,6,0,0,0,13,0,0,0,0,0,0,0,0,0,90,88,6,775,302,0,0,0,0,0,0,0,0,0,0
"miR-503-5p/6519",0,0,0,0,0,5,0,0,0,0,0,0,0,0,0,0,0,0,0,0,0,0,0,0,0,0,0,0,0,0,0,0,0,0,134,140,188,17,0,0,1,0,0,0,0,0,0,0
"miR-574-5p",0,0,0,0,0,5,0,7,0,0,0,0,0,0,0,0,0,0,0,0,0,0,0,0,0,15,0,42,0,0,0,0,0,141,0,9,259,198,0,0,0,0,0,0,0,0,0,0
"miR-744-5p",0,0,0,0,0,5,0,2,0,2,0,0,0,0,0,0,0,0,0,0,0,0,0,0,0,0,0,0,0,0,145,20,0,0,0,0,0,0,0,0,0,0,0,0,0,0,0,0
"miR-769-5p",0,0,0,0,0,5,0,0,0,0,0,0,0,0,0,0,0,4,1,0,34,7,56,0,0,49,0,0,0,0,0,0,0,0,0,0,0,0,0,0,0,0,0,0,0,0,0,0
"miR-8908b",0,0,0,0,0,5,0,0,0,0,0,0,0,0,0,0,0,0,0,0,0,0,0,0,0,0,0,0,0,0,0,0,0,0,0,0,0,0,0,0,0,0,0,0,0,0,0,0
"miR-1296-5p",0,0,0,0,0,4,0,0,0,0,0,0,0,0,0,0,0,0,0,1,79,0,0,0,0,0,0,0,0,0,0,0,0,0,0,0,0,0,0,0,0,0,0,0,0,0,0,0
"miR-30ad-3p",0,0,0,0,0,4,0,0,0,0,0,0,0,0,0,0,0,7,0,0,0,0,0,0,25,0,0,0,0,0,0,0,0,0,4,0,0,119,0,0,0,0,0,0,0,0,0,0
"miR-500-3p",0,0,0,0,0,4,40,38,9,0,3,0,0,0,0,0,0,0,0,0,0,8,3,0,0,0,44,0,0,0,0,0,0,0,0,7,0,0,0,0,0,1,0,0,0,0,0,0
"miR-574-3p",0,0,0,0,0,4,0,0,10,0,10,0,0,0,0,21,5,4,0,0,11,0,0,0,18,11,204,0,0,0,0,0,0,21,2,243,143,68,0,0,0,5,0,0,0,0,0,0
"miR-101-3p.2",0,0,0,0,0,3,0,0,4,0,0,0,0,0,0,2,1,0,24,0,0,1,0,0,1,6,0,0,0,0,0,0,0,0,1,0,14,58,0,0,0,0,0,0,0,0,0,0
"miR-139-5p",0,0,0,0,0,3,8,0,15,6,0,0,7,0,0,0,0,0,0,0,0,0,0,0,0,0,12,0,0,92,548,0,355,359,306,204,246,43,0,0,0,0,0,0,0,0,0,0
"miR-148-5p",0,0,0,0,0,3,0,0,17,0,0,2,0,0,0,0,0,0,0,0,0,0,0,0,0,0,40,3,0,0,0,0,0,120,0,196,29,133,0,0,0,0,0,0,0,0,0,0
"miR-17-5p/20-5p/106-5p",0,0,0,0,0,3,0,0,0,16,1,0,0,0,0,0,0,10,0,0,0,0,0,11,0,18,0,0,0,0,0,0,0,0,18,0,0,0,0,0,0,0,0,0,0,0,0,0
"miR-197-3p",0,0,0,0,0,3,0,0,0,0,0,0,0,0,0,8,33,36,27,0,0,0,0,0,0,0,0,0,0,0,0,0,0,0,0,0,0,0,0,0,0,0,0,0,0,0,0,0
"miR-500a-3p",0,0,0,0,0,3,0,4,0,39,0,0,0,0,0,0,0,0,0,13,88,58,0,0,0,0,0,0,0,0,0,0,0,0,0,0,0,0,0,0,0,0,0,0,0,0,0,0
"miR-5126",0,0,0,0,0,3,0,0,0,1,0,0,0,0,0,0,10,0,15,9,4,18,0,0,30,87,0,16,0,0,0,0,0,0,0,0,0,2,20,0,0,12,0,0,0,0,0,0
"miR-105-5p",0,0,0,0,0,2,0,0,0,1,0,0,0,0,0,0,0,0,0,0,0,0,0,0,0,0,0,0,0,0,0,0,0,0,0,284,0,0,0,0,0,0,0,0,0,0,0,0
"miR-140-3p",0,0,0,0,0,2,0,9,0,0,0,0,0,15,15,33,0,0,36,20,0,0,77,68,0,26,1,37,3,169,303,631,4,3,113,199,0,9,0,0,0,1,0,206,0,0,0,1
"miR-338",0,0,0,0,0,2,0,0,0,0,0,0,0,0,0,0,0,0,0,0,0,0,0,0,1,0,0,6,0,0,0,0,0,2,3,33,10,48,0,0,0,0,0,0,0,0,0,0
"miR-342",0,0,0,0,0,2,0,0,31,34,43,7,0,0,33,0,0,0,0,0,0,0,0,2,0,0,0,0,0,0,5,428,3,0,2,0,1,0,0,0,0,0,0,0,2,0,0,0
"miR-344-3p/410-3p",0,0,0,0,0,2,0,0,0,0,0,0,0,0,0,0,0,0,0,0,0,0,0,0,0,0,0,0,0,0,0,0,0,0,0,0,0,0,0,0,0,0,0,0,0,0,0,0
"miR-574",0,0,0,0,0,2,3,9,0,52,0,0,0,0,0,0,1,0,0,0,1,0,0,0,0,1,0,148,0,0,0,0,0,13,116,195,7,29,0,0,0,0,0,0,0,0,0,0
"miR-744",0,0,0,0,0,2,9,0,0,0,0,0,0,2,0,0,0,0,0,0,0,0,0,0,0,0,0,0,0,184,3,0,0,0,3,0,0,0,0,0,0,0,0,0,0,0,0,0
"miR-1343",0,0,0,0,0,1,25,0,0,0,0,0,0,0,0,0,0,0,0,0,0,0,0,0,0,0,0,0,0,0,0,0,0,0,0,28,0,282,22,0,0,0,0,0,0,0,0,0
"miR-16-3p",0,0,0,0,0,1,0,0,55,0,0,0,0,0,0,0,0,0,0,0,0,0,0,0,0,0,0,0,0,0,0,0,0,0,0,0,0,0,0,0,0,8,0,0,0,0,0,0
"miR-212-5p/7308-3p",0,0,0,0,0,1,0,1,0,0,0,0,0,0,0,0,0,0,0,0,0,0,0,0,0,0,1,0,0,0,0,0,0,0,0,0,0,0,0,0,0,0,0,0,0,0,0,0
"miR-300/381",0,0,0,0,0,1,24,0,0,0,0,0,0,0,0,0,1,0,0,0,0,0,0,0,0,0,0,0,0,0,0,0,0,0,0,0,0,0,0,0,0,0,0,0,0,0,0,0
"miR-30b-3p",0,0,0,0,0,1,0,0,17,0,0,0,0,0,0,0,0,0,0,0,0,0,0,0,0,0,0,0,0,0,0,0,0,0,0,0,0,0,0,0,0,0,0,0,0,0,0,0
"miR-34bc-3p",0,0,0,0,0,1,0,4,0,0,0,0,0,0,0,47,100,58,13,0,0,0,0,40,0,0,0,0,0,0,1,0,0,0,0,0,0,0,0,4,0,0,2,0,2,0,0,0
"miR-491",0,0,0,0,0,1,0,0,0,0,0,0,0,0,0,0,0,0,0,0,0,0,0,0,4,0,0,0,0,0,0,0,0,0,0,0,0,0,0,0,0,0,0,0,0,0,0,0
"miR-501-3p/502-3p",0,0,0,0,0,1,23,0,0,0,0,0,0,0,0,0,0,0,0,27,37,0,14,2,1,1,0,0,0,0,0,0,0,0,5,0,0,0,2,3,0,9,0,0,0,0,0,0
"miR-543",0,0,0,0,0,1,0,0,0,0,0,0,0,0,0,0,0,0,0,0,0,0,0,0,0,0,0,0,0,0,0,0,0,0,0,0,0,0,0,8,0,0,0,0,0,0,0,0
"miR-551-3p",0,0,0,0,0,1,0,0,0,0,0,0,0,0,0,0,0,0,1,0,0,0,0,0,0,0,0,0,0,0,0,0,0,0,0,0,0,0,0,0,0,0,0,0,0,0,0,0
"miR-9a-3p",0,0,0,0,0,1,2,0,87,76,0,0,0,0,0,0,1,3,0,0,0,0,0,0,4,0,0,1,0,3,0,0,0,102,0,0,0,0,0,0,29,3,93,0,0,11,0,0
"miR-374-5p",0,0,0,0,0,0,69,1,0,0,0,0,0,0,0,19,1,0,0,0,29,0,4,0,20,1,47,0,0,0,0,0,0,0,7,6,0,0,0,0,0,51,40,0,0,0,0,0
"miR-101-3p",0,0,0,0,0,0,13,1,0,0,0,0,0,0,0,0,1,0,0,0,40,0,0,18,0,0,0,3,0,0,0,0,0,96,281,0,3,1,0,0,6,2,0,0,0,0,0,0
"miR-411-5p.2",0,0,0,0,0,0,9,0,0,0,0,0,0,0,0,0,0,1,0,0,0,0,0,0,0,0,0,9,0,0,0,0,0,0,0,0,0,0,0,0,0,0,0,0,0,0,0,0
"miR-362",0,0,0,0,0,0,8,0,7,0,51,0,0,0,0,0,0,0,0,16,21,0,0,0,20,26,0,0,0,0,0,0,0,0,50,0,0,0,0,0,0,0,0,0,0,0,0,0
"miR-1224",0,0,0,0,0,0,6,0,0,0,0,0,0,0,0,1,2,0,0,0,0,0,0,0,0,0,0,0,0,0,0,0,0,0,0,0,0,0,0,0,0,0,0,0,0,0,0,0
"miR-361-3p",0,0,0,0,0,0,6,4,2,1,0,0,0,0,0,0,11,3,0,0,18,0,0,0,2,0,0,20,436,27,0,0,0,0,61,0,0,0,0,0,0,0,2,0,0,0,0,0
"miR-142-5p",0,0,0,0,0,0,5,0,0,0,0,0,0,0,0,0,0,0,0,0,0,0,0,3,0,1,10,1,0,0,0,0,0,0,0,0,0,0,0,0,0,0,0,0,1,0,1,0
"miR-342-3p",0,0,0,0,0,0,5,6,0,0,5,13,11,0,0,0,0,0,0,0,2,0,2,0,4,0,0,44,0,315,122,10,0,0,226,0,1,0,0,0,0,0,3,0,0,0,0,0
"miR-34b-3p",0,0,0,0,0,0,5,0,0,0,0,0,0,0,0,5,5,0,0,0,0,0,0,0,0,28,0,0,0,0,0,0,0,0,0,0,0,0,0,0,0,0,0,0,1,0,0,0
"miR-125b-1-3p",0,0,0,0,0,0,4,2,0,0,0,0,0,0,0,0,0,0,0,0,13,0,0,0,0,0,0,0,0,0,0,0,0,0,0,0,0,0,0,0,0,1,0,1,0,0,0,0
"miR-410-3p",0,0,0,0,0,0,4,0,0,0,0,0,0,0,0,0,0,0,0,0,0,0,0,0,0,0,0,0,0,0,0,48,0,0,0,0,0,0,0,0,0,0,0,0,0,0,0,0
"miR-410",0,0,0,0,0,0,4,0,0,0,0,0,0,0,0,0,0,0,0,0,0,0,0,3,0,0,0,0,0,0,0,0,0,0,0,0,0,0,0,0,0,0,0,0,0,0,0,0
"miR-502-3p",0,0,0,0,0,0,4,0,0,0,0,0,0,0,0,0,0,0,0,51,0,16,0,0,0,0,93,7,0,0,0,0,0,0,0,0,0,0,0,2,0,3,0,0,0,0,0,0
"miR-654",0,0,0,0,0,0,4,0,0,0,0,0,0,0,0,0,0,0,1,0,0,0,0,1,0,3,3,5,0,0,0,0,0,0,0,0,0,0,0,0,0,0,0,0,0,0,0,0
"miR-181c-3p",0,0,0,0,0,0,3,0,0,0,0,0,0,0,0,0,0,0,0,0,0,0,0,0,0,1,0,0,0,0,0,0,0,0,0,0,0,0,0,0,0,0,0,0,0,0,0,0
"miR-450b-5p",0,0,0,0,0,0,3,0,0,0,0,0,0,0,0,0,2,0,0,0,35,1,0,0,69,7,3,5,0,0,0,0,0,102,0,0,0,0,0,0,0,0,0,0,0,0,0,0
"miR-507",0,0,0,0,0,0,3,0,0,0,0,0,0,0,0,0,0,0,0,0,0,0,0,0,0,0,0,0,0,0,0,0,0,624,445,372,574,578,0,0,0,0,0,0,0,0,0,0
"miR-106-5p/17-5p/20-5p/93-5p/519",0,0,0,0,0,0,2,0,0,0,0,0,0,0,0,0,33,0,0,0,0,0,0,0,0,12,0,0,0,10,0,0,0,213,1,0,0,0,1,0,0,0,0,0,0,0,0,0
"miR-30b-3p/1273h-5p/3689-3p/6779-5p/6780a-5p",0,0,0,0,0,0,2,0,0,0,0,0,0,0,0,0,0,0,0,0,0,0,0,3,0,0,0,0,0,0,0,0,0,0,0,0,0,0,0,0,0,0,0,0,0,0,0,0
"miR-411-5p.1",0,0,0,0,0,0,2,0,0,0,0,0,0,0,0,0,0,0,0,0,0,0,0,0,0,0,0,0,0,0,0,0,0,0,0,0,0,0,0,0,0,0,0,0,0,0,0,0
"miR-4454",0,0,0,0,0,0,2,0,41,19,4,5,56,19,4,13,0,0,0,96,27,6,14,11,0,44,47,31,61,140,0,14,597,31,291,12,133,64,0,0,13,2,1000,1005,1668,0,9,0
"miR-375-3p",0,0,0,0,0,0,1,0,0,0,0,0,0,0,0,0,0,0,0,0,0,0,0,0,0,0,0,0,0,0,0,0,0,0,0,0,0,0,0,0,0,0,0,1,0,0,0,0
"miR-3968",0,0,0,0,0,0,1,0,30,19,16,0,0,0,0,0,0,0,0,0,0,0,1,1,1,0,0,0,0,5,6,6,5,4,2,5,4,1,1,0,3,1,0,0,0,0,0,0
"miR-424-3p",0,0,0,0,0,0,1,5,0,0,0,0,0,0,0,0,0,0,0,0,0,0,0,0,0,46,0,19,0,0,0,0,0,0,21,0,32,0,0,0,0,11,0,0,0,0,0,0
"miR-8898",0,0,0,0,0,0,1,0,0,0,0,0,0,0,0,0,0,0,0,0,0,0,0,0,0,0,0,0,0,0,0,0,0,0,0,0,0,0,0,0,0,0,0,0,0,0,0,0
"miR-17-5p/20-5p/93-5p/106-5p",0,0,0,0,0,0,0,10,10,0,0,0,0,7,0,0,0,0,0,15,66,0,65,0,3,0,161,0,0,0,0,0,0,1,0,0,0,0,0,0,0,3,0,0,0,0,0,0
"miR-409-5p",0,0,0,0,0,0,0,9,0,5,38,0,0,0,0,0,0,0,0,0,1,0,0,0,0,2,0,0,0,1,222,0,0,0,0,0,0,0,0,0,0,0,0,0,0,0,0,0
"miR-502",0,0,0,0,0,0,0,6,0,0,0,0,0,0,0,0,0,0,0,40,0,18,0,42,0,11,28,0,0,0,0,0,0,0,0,0,0,0,0,0,0,0,0,0,0,0,0,0
"miR-194-5p",0,0,0,0,0,0,0,3,0,0,0,7,9,13,0,0,1,32,0,0,1,6,3,1,4,0,28,4,0,0,215,0,0,0,7,0,0,11,0,0,0,0,0,0,0,0,0,0
"miR-320a",0,0,0,0,0,0,0,3,3,0,0,0,0,0,0,0,0,0,0,21,0,0,0,0,0,9,128,0,0,0,0,0,0,0,0,0,0,0,0,0,0,0,0,0,0,0,0,0
"miR-379-3p/411-3p",0,0,0,0,0,0,0,3,0,0,25,0,0,0,0,0,0,0,0,0,7,0,0,0,5,0,0,0,0,0,0,0,0,0,0,0,0,0,0,0,0,0,0,0,0,0,0,0
"miR-17-5p/20-5p/93-5p/106-5p/519-3p",0,0,0,0,0,0,0,2,17,0,0,0,23,0,0,18,6,0,0,0,0,0,0,1,0,10,2,0,0,0,0,0,0,0,4,49,0,0,0,0,2,0,0,0,0,0,0,0
"miR-21-3p",0,0,0,0,0,0,0,2,0,0,0,0,0,0,0,0,11,0,0,0,130,0,13,0,0,12,0,44,0,0,0,0,0,0,0,0,0,0,0,0,0,0,0,0,0,0,0,0
"miR-381-3p/539-3p",0,0,0,0,0,0,0,1,0,0,0,0,0,0,0,0,1,0,0,0,0,3,0,0,0,0,1,0,0,0,0,0,0,0,0,0,0,0,0,0,0,0,0,0,0,0,0,0
"miR-383",0,0,0,0,0,0,0,0,420,0,91,2,0,9,0,11,0,0,0,0,0,0,35,0,2,30,27,16,0,0,0,0,0,3,304,201,111,6,0,0,0,0,0,0,0,0,0,0
"miR-383-5p.2",0,0,0,0,0,0,0,0,242,16,3,0,26,0,0,0,2,0,0,0,0,0,0,1,0,0,2,33,0,0,0,0,0,80,6,3,59,0,0,0,0,0,0,0,0,0,0,0
"miR-383-5p",0,0,0,0,0,0,0,0,162,158,0,0,0,2,0,1,0,0,0,0,0,0,0,18,6,0,3,0,0,0,0,0,0,0,0,98,3,321,0,0,0,0,0,0,0,0,0,0
"miR-660",0,0,0,0,0,0,0,0,89,18,0,0,0,0,0,0,0,0,0,0,0,0,0,11,22,0,0,0,0,0,0,0,0,0,0,0,0,0,0,0,0,0,0,0,0,0,0,0
"miR-7857",0,0,0,0,0,0,0,0,82,59,61,0,0,0,0,0,0,0,0,0,0,0,0,0,0,0,0,0,0,0,0,0,0,0,0,0,0,0,0,0,0,0,0,0,0,0,0,0
"miR-2483-3p",0,0,0,0,0,0,0,0,64,75,76,0,0,0,0,0,0,0,0,0,0,0,0,0,0,0,0,0,0,0,0,0,0,10,0,6,0,0,0,0,0,0,0,0,0,0,0,0
"miR-340-3p/6827-3p",0,0,0,0,0,0,0,0,59,0,3,1,0,0,2,0,12,1,0,0,0,0,0,0,0,0,0,22,0,215,0,0,1,0,0,11,0,0,0,0,0,0,1,0,0,0,0,0
"miR-138-5p",0,0,0,0,0,0,0,0,49,0,0,0,0,0,0,21,3,0,10,0,0,0,0,0,0,0,10,0,0,5,0,0,0,44,6,7,305,41,23,3,4,6,0,0,0,0,0,0
"miR-380-3p",0,0,0,0,0,0,0,0,34,33,0,0,0,0,0,0,5,0,0,0,0,0,0,231,48,60,272,97,0,0,0,0,0,0,0,0,0,0,0,0,0,0,0,0,0,0,0,0
"miR-2483-5p",0,0,0,0,0,0,0,0,30,4,6,0,0,0,0,0,0,0,0,0,0,0,0,0,0,0,0,0,0,0,0,0,0,0,0,0,0,0,0,0,0,0,0,0,0,0,0,0
"miR-3958",0,0,0,0,0,0,0,0,28,0,0,0,0,0,0,0,0,0,0,0,0,0,0,0,0,0,0,0,0,0,0,0,0,0,0,0,0,0,0,0,0,0,0,0,0,0,0,0
"miR-330",0,0,0,0,0,0,0,0,24,15,25,3,23,54,0,0,0,0,0,79,50,65,18,13,48,1078,315,163,0,492,0,0,0,0,78,0,3,26,13,4,33,16,4,94,307,0,0,0
"miR-126",0,0,0,0,0,0,0,0,20,0,0,0,0,0,0,20,18,59,31,0,1,0,0,15,31,80,49,12,0,0,0,0,0,0,0,0,0,0,0,0,0,0,0,0,1,0,0,0
"miR-6516",0,0,0,0,0,0,0,0,20,3,30,0,0,0,0,0,0,0,0,0,0,0,0,0,0,0,0,0,0,0,0,0,0,15,35,0,200,186,0,0,0,0,0,0,0,0,0,0
"miR-1260",0,0,0,0,0,0,0,0,18,44,0,0,0,0,0,9,0,0,31,0,0,3,49,0,40,23,113,58,0,0,22,0,0,83,0,0,69,14,0,2,0,17,0,164,84,6,0,0
"miR-6123",0,0,0,0,0,0,0,0,18,0,1,0,0,0,0,0,0,0,0,0,0,0,0,0,0,0,0,0,0,0,0,0,0,0,0,0,0,0,0,0,0,0,0,0,0,0,0,0
"miR-6529-5p",0,0,0,0,0,0,0,0,15,58,0,0,0,0,0,0,0,0,0,0,0,0,0,0,0,3,1,45,0,0,0,0,0,0,0,0,0,0,0,0,0,0,0,0,0,0,0,0
"miR-136-3p",0,0,0,0,0,0,0,0,14,5,16,0,0,0,0,23,3,0,0,0,3,0,0,145,9,23,8,66,0,402,450,224,0,0,0,0,0,0,20,15,4,1,0,110,0,0,0,0
"miR-146b-3p",0,0,0,0,0,0,0,0,14,0,0,0,0,0,0,0,0,0,0,0,0,0,0,0,0,0,0,0,0,0,0,0,0,0,0,0,0,0,0,0,0,0,0,0,0,0,0,0
"miR-3591-5p",0,0,0,0,0,0,0,0,11,35,22,0,0,0,0,0,0,0,0,0,0,0,0,0,0,0,0,0,0,0,0,0,0,0,12,0,0,0,0,0,0,0,0,0,0,0,0,0
"miR-127-3p",0,0,0,0,0,0,0,0,8,0,0,3,21,0,0,0,0,0,0,0,37,0,0,19,0,34,243,55,0,15,10,0,0,0,0,0,0,0,0,0,0,0,0,179,34,0,0,0
"miR-1843-3p",0,0,0,0,0,0,0,0,8,0,0,0,0,0,0,0,0,0,0,0,0,0,0,0,0,0,0,0,0,0,0,0,0,0,0,0,0,0,0,0,0,0,0,0,0,0,0,0
"miR-2285ad/2285y",0,0,0,0,0,0,0,0,7,5,0,0,0,0,0,0,0,0,0,0,0,0,0,0,0,0,0,0,0,0,0,0,0,0,0,0,0,0,0,0,0,0,0,0,0,0,0,0
"miR-5110/7081-5p",0,0,0,0,0,0,0,0,7,0,0,0,0,0,0,0,0,0,0,36,0,0,0,0,0,0,0,0,16,192,0,2,84,0,0,0,0,0,0,0,0,0,0,0,0,0,0,0
"miR-6516-3p",0,0,0,0,0,0,0,0,7,1,0,0,0,0,0,0,0,0,0,0,0,0,0,0,0,0,0,0,0,0,0,0,0,282,4,6,8,3,0,0,0,0,0,0,0,0,0,0
"miR-767",0,0,0,0,0,0,0,0,4,78,11,0,0,0,0,0,0,0,0,0,0,0,0,0,0,0,0,0,0,0,0,0,0,0,0,0,0,0,0,0,0,0,0,0,0,0,0,0
"miR-2285/7859",0,0,0,0,0,0,0,0,3,1,0,0,0,0,0,0,0,0,0,0,0,0,0,0,0,0,0,0,0,0,0,0,0,0,0,0,0,0,0,0,0,0,0,0,0,0,0,0
"miR-101-3p/144-3p",0,0,0,0,0,0,0,0,2,0,0,0,0,0,0,0,0,13,8,1,93,13,33,11,0,23,0,0,0,0,0,0,0,224,58,0,0,53,12,26,7,0,0,1,0,0,0,0
"miR-130/301/454",0,0,0,0,0,0,0,0,2,0,3,0,0,0,0,0,0,0,0,0,0,0,0,1,0,0,0,13,0,0,0,0,0,0,0,0,0,0,0,0,0,0,0,0,0,0,0,0
"miR-224-5p",0,0,0,0,0,0,0,0,2,28,33,0,1,0,0,0,0,0,0,0,0,0,0,0,0,0,0,0,0,0,0,1,0,0,0,0,0,0,0,0,0,0,0,0,0,0,0,0
"miR-17-5p/20-5p/93-5p/106b-5p",0,0,0,0,0,0,0,0,1,3,0,1,1,3,0,0,0,0,0,0,0,0,0,0,0,41,0,107,0,0,0,15,0,0,1,0,0,2,0,0,0,18,0,1,0,0,0,0
"miR-216a",0,0,0,0,0,0,0,0,1,0,0,0,0,0,0,0,4,0,0,0,0,0,0,0,0,0,0,0,0,0,0,0,0,0,0,0,0,0,0,0,0,0,0,0,0,0,0,0
"miR-219-3p",0,0,0,0,0,0,0,0,1,0,0,0,0,0,0,0,0,0,0,0,0,0,0,0,0,0,0,0,0,0,0,0,0,0,0,0,0,0,0,0,0,0,0,0,0,0,0,0
"miR-374b-5p",0,0,0,0,0,0,0,0,1,0,0,0,0,0,0,0,0,0,0,0,0,0,0,0,0,0,0,0,0,0,0,0,0,0,0,0,0,0,0,0,0,0,1,0,7,0,0,0
"miR-6119-5p",0,0,0,0,0,0,0,0,1,4,0,0,0,0,0,0,0,0,0,0,0,0,0,0,18,0,0,0,0,0,0,0,0,0,0,0,0,0,0,0,0,0,0,0,0,0,0,0
"miR-29a-3p",0,0,0,0,0,0,0,0,0,58,0,5,0,0,0,0,0,0,0,53,0,0,0,12,1,5,133,58,0,0,0,0,0,0,0,18,6,0,0,0,0,0,0,4,0,0,0,0
"miR-301a-5p/301b-5p",0,0,0,0,0,0,0,0,0,40,0,0,0,0,0,0,0,0,0,0,0,0,0,0,0,2,0,0,0,0,0,0,0,0,0,0,0,0,0,0,0,0,0,0,0,0,0,0
"miR-362-5p/500-5p",0,0,0,0,0,0,0,0,0,38,0,0,0,16,0,0,0,0,0,0,0,0,0,0,0,0,0,0,0,0,7,2,0,0,0,3,2,0,0,0,0,0,0,0,0,0,0,0
"miR-130-3p/301-3p",0,0,0,0,0,0,0,0,0,31,0,0,0,0,0,0,0,0,0,0,0,0,0,0,0,0,0,0,0,0,0,0,0,0,0,0,0,0,0,0,0,0,0,0,0,0,0,0
"miR-382-3p",0,0,0,0,0,0,0,0,0,28,24,0,0,0,0,0,0,0,0,0,0,0,0,3,0,0,0,28,0,0,0,0,0,0,0,0,0,0,0,0,0,5,0,0,0,0,0,0
"miR-421",0,0,0,0,0,0,0,0,0,28,0,0,0,0,0,0,0,0,0,0,0,0,0,0,0,0,0,0,0,0,0,0,0,0,0,0,0,0,0,0,0,8,0,0,0,0,0,0
"miR-155",0,0,0,0,0,0,0,0,0,25,0,0,0,0,0,0,0,0,2,0,0,0,0,2,0,0,0,14,0,0,0,0,0,0,0,0,0,0,0,0,2,0,0,0,0,17,0,5
"miR-505",0,0,0,0,0,0,0,0,0,17,0,0,0,0,0,0,0,0,0,0,0,0,0,0,0,15,0,2,0,0,0,0,0,0,0,0,0,3,0,0,0,0,0,0,0,0,0,0
"miR-1277",0,0,0,0,0,0,0,0,0,16,0,0,0,0,0,0,0,0,0,0,0,0,0,0,0,37,0,0,0,0,0,0,0,0,0,0,0,0,0,0,0,0,0,0,0,0,0,0
"miR-2285/2312",0,0,0,0,0,0,0,0,0,15,0,0,0,0,0,0,0,0,0,0,0,0,0,0,0,0,0,0,0,0,0,0,0,0,0,0,0,0,0,0,0,0,0,0,0,0,0,0
"miR-762/4492/4498/5001-5p",0,0,0,0,0,0,0,0,0,14,0,0,0,0,0,0,0,0,0,0,0,7,0,0,0,16,0,9,0,0,0,0,0,0,0,3,0,0,0,0,0,0,2,0,49,0,0,0
"miR-2411-5p",0,0,0,0,0,0,0,0,0,13,1,0,0,0,0,0,0,0,0,0,0,0,0,0,0,0,0,0,0,0,0,0,0,22,300,0,0,4,0,0,0,0,0,0,0,0,0,0
"miR-383-5p.1",0,0,0,0,0,0,0,0,0,12,110,0,0,0,0,0,0,0,0,0,0,0,0,0,0,2,0,22,1,0,0,0,0,0,0,21,0,0,0,0,0,0,0,0,0,0,0,0
"miR-21-3p/3591-3p",0,0,0,0,0,0,0,0,0,11,0,0,0,0,0,0,0,0,0,0,1,0,0,10,0,3,0,0,0,0,0,0,0,0,0,0,0,0,0,0,0,0,0,0,0,0,0,0
"miR-24",0,0,0,0,0,0,0,0,0,9,13,11,0,0,0,0,2,0,11,0,0,0,0,0,0,0,0,0,0,1,0,0,0,0,0,0,1,0,0,0,0,0,0,0,0,0,0,0
"let-7-3p/miR-98-3p",0,0,0,0,0,0,0,0,0,8,23,13,3,8,0,6,0,7,0,0,9,3,6,6,0,0,5,0,0,8,0,178,0,0,0,0,0,0,0,0,0,0,241,0,3,0,0,0
"miR-767-5p",0,0,0,0,0,0,0,0,0,8,1,0,0,0,0,0,0,0,0,0,0,0,0,0,0,0,0,0,0,0,0,0,0,0,0,0,0,0,0,0,0,0,0,0,0,0,0,0
"miR-6119-3p",0,0,0,0,0,0,0,0,0,6,0,0,0,0,0,0,0,0,0,0,0,0,0,0,0,0,0,0,0,0,0,0,0,0,0,0,0,0,0,0,0,0,0,0,0,0,0,0
"miR-17-5p/20-5p/20/93/106/427",0,0,0,0,0,0,0,0,0,5,0,0,0,0,0,0,1,0,0,2,0,0,0,0,0,1,0,0,0,0,0,0,0,0,0,0,0,0,0,11,0,6,170,0,0,0,0,0
"miR-1983",0,0,0,0,0,0,0,0,0,5,32,0,0,1,0,0,0,0,0,0,0,0,0,0,0,0,0,0,0,27,168,0,0,207,71,0,25,230,0,0,0,0,0,0,0,0,0,0
"miR-3432a",0,0,0,0,0,0,0,0,0,5,0,0,0,0,0,0,0,0,0,0,0,0,0,0,0,0,0,0,0,0,0,0,0,0,0,0,0,0,0,0,0,0,0,0,0,0,0,0
"miR-16-2-3p",0,0,0,0,0,0,0,0,0,4,0,0,0,0,0,0,0,0,0,9,69,0,8,0,0,4,0,0,0,0,0,0,0,0,0,0,0,0,0,0,0,0,0,0,0,0,0,0
"miR-200a-3p",0,0,0,0,0,0,0,0,0,2,0,0,0,0,0,2,0,0,0,0,0,0,0,0,0,0,0,0,0,0,0,0,0,0,0,0,0,0,0,0,0,0,0,0,0,0,16,0
"miR-26a-3p",0,0,0,0,0,0,0,0,0,2,0,0,0,0,0,0,0,0,0,0,0,0,0,0,0,0,0,0,0,0,0,0,0,0,0,0,0,0,0,0,0,6,0,0,0,0,0,0
"miR-149-3p/7865",0,0,0,0,0,0,0,0,0,1,0,0,0,0,0,0,0,0,0,0,0,0,0,0,0,0,0,0,0,0,0,0,0,0,0,0,0,0,0,0,0,0,0,0,0,0,0,0
"miR-216b-5p",0,0,0,0,0,0,0,0,0,1,0,0,0,0,0,0,2,0,0,0,0,0,0,0,0,0,0,0,0,0,0,0,0,0,0,0,0,1,0,0,0,0,0,0,0,0,0,0
"miR-301-5p/6952-3p",0,0,0,0,0,0,0,0,0,1,0,0,0,0,0,0,0,0,0,0,0,0,0,0,0,0,0,19,0,1,0,0,0,0,0,0,0,0,0,0,0,0,0,0,0,0,0,0
"miR-302-3p/372-3p/373-3p/520-3p",0,0,0,0,0,0,0,0,0,1,0,0,0,0,0,2,0,1,0,1911,3446,1906,2043,1517,1608,1455,5862,2748,0,0,1,1,0,0,0,1,2,0,1,0,0,0,0,0,0,0,0,0
"miR-382",0,0,0,0,0,0,0,0,0,1,0,0,0,0,0,0,0,0,0,0,0,0,0,0,0,18,50,0,0,0,0,0,0,0,0,0,0,0,0,0,0,0,0,44,0,0,0,0
"miR-4508",0,0,0,0,0,0,0,0,0,1,0,0,0,0,0,0,0,0,0,0,0,0,0,0,0,0,0,0,0,0,0,0,0,131,0,0,0,0,0,0,0,0,0,0,0,0,0,0
"miR-154c",0,0,0,0,0,0,0,0,0,0,91,0,0,0,0,0,0,0,0,0,0,0,0,0,0,0,0,0,0,0,0,0,0,0,0,0,0,0,0,0,0,0,0,0,0,0,0,0
"miR-450-5p",0,0,0,0,0,0,0,0,0,0,88,0,0,3,0,0,1,5,4,1,0,1,85,0,0,0,0,32,0,0,0,12,1,0,0,0,0,0,0,0,0,0,49,0,136,0,0,0
"miR-329b",0,0,0,0,0,0,0,0,0,0,31,0,0,0,0,0,0,0,0,0,0,0,0,0,0,0,0,0,0,0,0,0,0,0,0,0,0,0,0,0,0,0,0,0,0,0,0,0
"miR-6529a",0,0,0,0,0,0,0,0,0,0,31,0,0,0,0,0,0,0,0,0,0,0,0,19,0,0,5,0,0,0,0,0,0,0,4,160,0,0,0,0,0,0,0,0,0,0,0,0
"miR-224",0,0,0,0,0,0,0,0,0,0,24,0,0,0,0,0,0,0,0,0,0,0,0,0,8,0,0,0,0,0,0,0,0,0,0,0,0,0,0,0,0,0,0,0,0,0,0,0
"miR-22-5p",0,0,0,0,0,0,0,0,0,0,23,0,21,0,0,2,1,0,0,0,0,0,0,0,40,3,0,0,0,0,0,0,0,0,0,0,0,0,0,0,0,0,0,0,0,0,0,0
"miR-495-3p",0,0,0,0,0,0,0,0,0,0,10,0,0,0,0,0,4,0,0,0,0,0,0,0,0,11,0,0,0,0,0,0,0,0,0,0,0,0,0,0,0,0,0,0,0,0,0,0
"miR-17-5p/20/93/106/519",0,0,0,0,0,0,0,0,0,0,9,0,0,0,0,0,0,0,0,0,2,0,0,0,0,0,0,0,0,0,5,0,0,51,6,1,0,0,0,0,0,0,0,0,0,0,0,0
"miR-532-5p",0,0,0,0,0,0,0,0,0,0,9,0,0,0,0,0,0,0,0,47,1,2,3,8,60,28,32,28,0,0,0,0,0,0,0,0,0,0,0,0,0,1,0,0,0,0,0,0
"miR-21-5p/590-5p",0,0,0,0,0,0,0,0,0,0,2,0,7,0,0,1,0,17,36,0,0,0,1,10,0,6,91,7,0,0,0,0,0,0,0,0,0,0,0,5,28,105,0,0,4,0,0,0
"miR-409a",0,0,0,0,0,0,0,0,0,0,2,0,0,0,0,0,0,0,0,0,26,0,0,0,0,19,0,56,0,0,516,0,0,0,0,0,0,0,0,0,0,0,0,0,0,0,0,0
"miR-451-5p",0,0,0,0,0,0,0,0,0,0,2,0,0,0,0,0,0,0,0,0,0,0,0,0,0,0,0,0,0,0,0,0,0,1,0,0,0,0,0,0,0,0,0,0,0,0,0,0
"miR-105/105b",0,0,0,0,0,0,0,0,0,0,1,0,0,0,0,0,0,0,0,0,0,0,0,0,0,0,0,0,0,0,0,0,0,0,4,0,0,0,0,0,0,0,0,0,0,0,0,0
"miR-3589",0,0,0,0,0,0,0,0,0,0,1,0,0,0,0,0,0,0,0,0,0,0,0,0,0,0,0,0,0,0,0,0,0,0,0,0,0,0,0,0,0,0,0,0,0,0,0,0
"miR-103/107",0,0,0,0,0,0,0,0,0,0,0,22,58,0,173,6,1,16,0,0,0,3,0,1,0,31,0,0,0,1,0,1,0,0,12,21,0,0,22,9,0,2,2,2,0,0,0,0
"miR-2424",0,0,0,0,0,0,0,0,0,0,0,17,0,0,0,0,0,0,0,0,0,0,0,0,0,9,0,0,0,0,0,0,0,0,0,0,0,0,0,0,0,0,0,0,0,0,0,0
"miR-296-5p",0,0,0,0,0,0,0,0,0,0,0,17,0,0,0,0,5,2,0,0,0,0,0,0,0,0,0,4,0,0,0,0,0,0,0,0,0,0,0,0,0,0,3,2,22,0,0,0
"miR-582-5p",0,0,0,0,0,0,0,0,0,0,0,14,7,0,0,0,0,0,0,0,3,0,0,0,0,3,0,0,0,0,0,0,0,0,0,0,0,0,0,0,1,0,0,0,0,0,0,0
"miR-3068-5p",0,0,0,0,0,0,0,0,0,0,0,12,7,6,0,0,0,0,0,0,0,0,0,0,0,0,0,0,0,0,1,45,8,0,0,0,0,0,0,0,0,0,1,3,0,0,0,0
"miR-878-3p",0,0,0,0,0,0,0,0,0,0,0,12,51,1,0,0,1,0,0,0,0,0,0,0,0,0,0,0,0,47,112,278,0,0,0,0,0,0,0,0,0,0,0,0,3,0,0,0
"miR-1843a-3p",0,0,0,0,0,0,0,0,0,0,0,9,0,0,0,0,0,0,0,0,0,0,0,0,0,0,0,0,0,0,0,0,0,0,0,0,0,0,0,0,0,0,0,0,0,0,0,0
"miR-3068-3p",0,0,0,0,0,0,0,0,0,0,0,8,36,11,0,0,0,0,0,0,0,0,0,0,0,0,0,0,0,1,0,0,0,0,0,0,0,0,0,0,0,0,0,0,0,0,0,0
"miR-292-3p",0,0,0,0,0,0,0,0,0,0,0,7,0,27,1,0,0,0,0,0,0,0,0,0,0,0,0,0,0,6,0,0,0,0,0,0,0,0,0,0,0,0,0,569,275,0,0,0
"miR-29a",0,0,0,0,0,0,0,0,0,0,0,7,3,2,43,8,0,10,0,0,28,4,1,1,84,48,51,145,0,0,0,0,0,0,0,0,0,0,0,2,62,1,1,19,5,0,0,0
"miR-30-3p/6958-5p",0,0,0,0,0,0,0,0,0,0,0,6,0,6,0,0,0,0,0,0,0,0,0,0,0,0,0,0,0,0,0,0,0,0,0,0,0,0,0,0,0,0,0,0,0,0,0,0
"miR-3470b",0,0,0,0,0,0,0,0,0,0,0,6,2,9,0,0,0,0,0,0,0,0,0,0,1,0,0,0,0,0,0,1,0,0,0,0,0,0,0,0,0,0,0,0,0,0,0,0
"miR-7667-5p",0,0,0,0,0,0,0,0,0,0,0,6,0,0,0,0,0,0,0,0,0,0,0,0,0,0,0,0,0,0,0,0,0,0,0,0,0,0,0,0,0,0,0,0,0,0,0,0
"miR-101-3p.1",0,0,0,0,0,0,0,0,0,0,0,2,0,0,0,0,0,0,0,0,0,0,0,0,0,0,3,7,0,0,0,0,0,1,0,0,0,0,2,0,0,6,0,0,0,0,0,0
"miR-3470a",0,0,0,0,0,0,0,0,0,0,0,2,15,1,0,0,0,0,0,0,0,0,0,0,0,0,0,0,0,0,151,17,0,0,0,0,0,0,0,0,0,0,0,0,0,0,0,0
"miR-1843b-5p",0,0,0,0,0,0,0,0,0,0,0,1,1,0,0,0,0,0,0,0,0,0,0,0,0,0,0,0,0,10,321,0,0,0,0,0,0,0,0,0,0,0,0,0,0,0,1,0
"miR-582",0,0,0,0,0,0,0,0,0,0,0,1,0,24,0,0,0,0,0,0,0,0,0,2,0,0,0,0,0,0,0,0,0,0,0,0,0,0,0,0,0,0,0,0,0,0,0,0
"miR-874",0,0,0,0,0,0,0,0,0,0,0,1,0,0,0,0,1,0,1,0,0,0,12,2,0,15,0,45,0,0,0,0,5,0,0,3,0,0,0,0,0,0,0,0,0,0,0,0
"miR-183-5p/891-3p",0,0,0,0,0,0,0,0,0,0,0,0,33,0,19,4,0,0,0,21,1,0,0,0,0,1,0,10,0,3875,0,0,0,64,0,12,29,0,0,0,0,0,0,3,0,0,0,0
"miR-582-3p",0,0,0,0,0,0,0,0,0,0,0,0,7,3,0,0,0,0,0,0,0,0,0,0,0,0,0,0,0,0,0,0,0,0,0,0,0,0,0,0,0,0,0,0,0,0,0,0
"miR-30-3p/7197-3p",0,0,0,0,0,0,0,0,0,0,0,0,4,12,0,0,0,0,0,0,0,0,0,0,0,0,0,0,0,0,0,0,0,0,0,0,0,0,0,0,0,0,0,0,0,0,0,0
"miR-873-3p",0,0,0,0,0,0,0,0,0,0,0,0,3,0,0,0,0,0,0,0,0,0,6,0,0,0,0,0,0,68,0,461,0,0,0,0,1,0,0,0,0,0,0,0,0,0,0,0
"miR-30c-2-3p",0,0,0,0,0,0,0,0,0,0,0,0,1,0,0,0,8,0,0,0,0,0,0,0,0,0,0,0,0,0,0,205,0,0,0,0,0,0,0,0,0,0,0,0,0,0,0,0
"miR-30c-3p/6788-5p",0,0,0,0,0,0,0,0,0,0,0,0,1,0,0,0,0,0,0,0,0,0,0,0,50,0,0,24,0,0,0,0,0,64,0,0,0,0,0,0,0,0,0,0,0,0,0,0
"miR-7641",0,0,0,0,0,0,0,0,0,0,0,0,1,3,2,0,0,0,0,0,0,0,0,0,1,0,0,18,0,0,0,0,0,0,0,0,0,0,0,0,0,0,0,0,0,0,0,0
"miR-103-3p/107",0,0,0,0,0,0,0,0,0,0,0,0,0,54,15,0,10,0,0,0,0,0,0,0,9,0,80,46,3,1,867,0,0,90,0,1,167,68,0,0,5,0,0,0,0,0,0,0
"miR-30-3p/30e-3p",0,0,0,0,0,0,0,0,0,0,0,0,0,14,1,0,0,0,0,0,0,0,0,0,0,0,0,0,0,0,0,27,0,0,151,0,0,0,0,0,0,0,0,0,0,0,0,0
"miR-690",0,0,0,0,0,0,0,0,0,0,0,0,0,11,0,0,0,0,0,0,0,0,0,0,0,0,0,0,0,0,0,0,0,0,0,0,0,0,0,0,0,0,0,0,0,0,0,0
"miR-592/599",0,0,0,0,0,0,0,0,0,0,0,0,0,9,0,0,0,0,0,0,0,0,0,0,0,0,5,5,0,0,0,0,0,0,0,0,0,0,0,5,0,0,0,0,0,0,0,0
"miR-187-3p",0,0,0,0,0,0,0,0,0,0,0,0,0,4,0,0,0,0,0,0,0,0,0,5,0,0,0,0,0,0,0,0,0,0,0,1,0,0,2,0,0,0,0,0,0,0,0,0
"miR-298-3p",0,0,0,0,0,0,0,0,0,0,0,0,0,3,0,0,0,0,0,0,0,0,0,0,0,0,0,0,0,0,0,0,0,0,0,0,0,0,0,0,0,0,0,0,0,0,0,0
"miR-183-5p.2",0,0,0,0,0,0,0,0,0,0,0,0,0,2,0,0,0,0,0,0,0,0,0,0,0,0,0,2,0,762,0,0,0,2,0,0,252,3,0,0,0,0,0,2,0,0,0,0
"miR-30e",0,0,0,0,0,0,0,0,0,0,0,0,0,1,0,39,0,0,1,4,0,0,0,143,0,39,0,49,0,0,0,56,0,0,0,0,1,0,0,0,0,0,0,0,0,0,0,0
"miR-3471",0,0,0,0,0,0,0,0,0,0,0,0,0,1,1,0,1,0,0,2,0,0,0,0,0,0,0,0,598,6556,6163,6320,677,0,1,0,0,0,0,0,0,0,1,0,1,0,0,1
"miR-3535",0,0,0,0,0,0,0,0,0,0,0,0,0,1,0,0,0,0,0,0,3,48,0,0,0,0,0,0,263,572,135,52,261,0,0,0,0,0,0,0,0,0,218,281,78,0,0,0
"miR-7-3p",0,0,0,0,0,0,0,0,0,0,0,0,0,1,0,0,0,0,0,0,0,0,0,0,0,0,1,0,0,0,0,0,0,0,0,0,0,0,0,0,0,0,0,0,0,0,0,0
"miR-1306-5p",0,0,0,0,0,0,0,0,0,0,0,0,0,0,55,0,0,0,0,0,0,0,0,0,0,0,0,0,0,0,0,0,0,0,7,0,0,0,0,0,0,0,0,0,0,0,0,0
"miR-23-5p",0,0,0,0,0,0,0,0,0,0,0,0,0,0,55,0,0,0,0,0,3,0,0,0,3,0,81,28,0,0,0,0,0,0,0,0,0,0,2,0,0,0,0,0,0,0,0,0
"miR-674-3p",0,0,0,0,0,0,0,0,0,0,0,0,0,0,26,0,0,0,0,0,0,0,0,0,0,0,0,0,0,0,0,0,0,0,0,0,0,0,0,0,0,0,0,0,0,0,0,0
"miR-125b-2-3p",0,0,0,0,0,0,0,0,0,0,0,0,0,0,15,2,0,0,2,36,0,0,49,0,0,0,0,6,0,0,0,0,0,0,0,21,0,0,0,0,0,0,1,0,0,0,0,0
"miR-28",0,0,0,0,0,0,0,0,0,0,0,0,0,0,8,0,0,0,0,0,1,21,2,0,0,36,22,17,0,0,0,0,0,0,0,0,0,0,0,0,0,0,128,0,0,0,0,0
"miR-212",0,0,0,0,0,0,0,0,0,0,0,0,0,0,6,0,3,0,0,0,1,0,0,0,0,0,0,0,0,0,0,0,0,0,0,0,0,0,0,0,0,0,0,0,0,0,0,0
"miR-150-5p",0,0,0,0,0,0,0,0,0,0,0,0,0,0,1,38,39,3,26,0,0,0,0,0,0,0,0,0,0,0,0,0,0,0,0,0,0,0,0,1,0,0,0,3,2,0,0,0
"miR-291-5p",0,0,0,0,0,0,0,0,0,0,0,0,0,0,1,0,0,0,0,0,0,0,0,0,0,0,0,0,0,448,12,1,0,0,0,0,0,0,0,0,0,0,0,0,1,0,0,0
"miR-30--3p",0,0,0,0,0,0,0,0,0,0,0,0,0,0,1,0,0,0,0,0,0,0,0,0,0,0,23,0,0,0,0,0,0,0,0,0,0,0,0,0,0,0,0,0,0,0,0,0
"miR-592",0,0,0,0,0,0,0,0,0,0,0,0,0,0,1,0,0,0,0,0,0,0,0,4,0,14,0,0,0,0,0,0,0,0,0,0,0,0,0,0,0,0,0,0,0,0,0,0
"miR-34/449",0,0,0,0,0,0,0,0,0,0,0,0,0,0,0,38,0,0,0,0,0,0,0,0,0,0,0,0,0,0,0,0,0,0,67,1,144,32,0,0,0,0,0,0,0,0,0,0
"miR-1301-3p",0,0,0,0,0,0,0,0,0,0,0,0,0,0,0,20,26,5,1,0,0,0,0,0,0,0,0,5,0,0,0,0,0,0,0,0,0,0,0,0,0,0,0,0,0,0,0,0
"miR-124",0,0,0,0,0,0,0,0,0,0,0,0,0,0,0,15,1,0,11,0,0,0,0,0,0,0,0,0,0,0,0,0,0,0,0,0,0,0,0,0,0,0,0,0,0,0,0,0
"miR-124-3p",0,0,0,0,0,0,0,0,0,0,0,0,0,0,0,15,0,0,0,0,0,0,0,0,0,0,0,0,0,0,0,0,0,0,0,0,0,0,0,0,0,0,0,0,0,0,0,0
"miR-296",0,0,0,0,0,0,0,0,0,0,0,0,0,0,0,10,0,0,0,0,0,0,0,0,0,0,0,0,0,0,0,0,0,0,0,0,0,0,0,0,0,0,0,0,0,0,0,0
"miR-136-5p",0,0,0,0,0,0,0,0,0,0,0,0,0,0,0,9,0,0,0,0,0,0,0,1,0,0,0,0,0,0,0,0,0,0,0,0,0,0,0,0,0,0,0,0,0,0,0,0
"miR-2887",0,0,0,0,0,0,0,0,0,0,0,0,0,0,0,8,8,0,0,0,0,0,0,0,0,68,0,1,0,0,0,0,0,0,6,0,0,36,13,0,1,0,0,0,0,0,0,0
"miR-339",0,0,0,0,0,0,0,0,0,0,0,0,0,0,0,7,0,0,0,0,26,14,0,1,0,1,1,0,0,0,1,0,0,0,0,0,0,0,0,0,0,0,0,0,0,0,0,0
"miR-432",0,0,0,0,0,0,0,0,0,0,0,0,0,0,0,6,0,14,0,0,0,0,0,0,0,0,0,0,0,0,0,0,0,0,0,0,0,0,0,0,0,3,0,0,0,0,0,0
"miR-126-5p",0,0,0,0,0,0,0,0,0,0,0,0,0,0,0,3,4,0,0,0,0,0,0,0,12,5,21,61,0,0,0,0,0,1,0,0,0,0,0,0,0,2,0,0,0,0,0,0
"miR-17",0,0,0,0,0,0,0,0,0,0,0,0,0,0,0,3,0,0,0,0,0,0,0,0,0,0,0,0,0,0,0,0,0,0,0,0,0,0,0,0,0,0,0,0,0,0,0,0
"miR-199-1-5p",0,0,0,0,0,0,0,0,0,0,0,0,0,0,0,3,0,0,0,0,0,0,0,0,0,0,0,0,0,0,0,0,0,0,0,0,0,0,0,0,0,1,0,0,0,0,0,0
"miR-204-3p",0,0,0,0,0,0,0,0,0,0,0,0,0,0,0,2,4,0,0,0,0,0,0,0,0,0,0,0,0,0,0,0,0,0,0,0,0,0,0,0,0,0,0,0,0,0,0,0
"miR-208-3p",0,0,0,0,0,0,0,0,0,0,0,0,0,0,0,2,0,0,0,0,0,0,0,0,0,7,0,0,0,0,0,0,0,0,0,0,0,0,0,0,0,0,0,0,0,0,0,0
"miR-1306-3p",0,0,0,0,0,0,0,0,0,0,0,0,0,0,0,1,0,0,0,0,0,0,0,0,0,0,0,0,0,0,0,0,0,0,0,0,0,0,0,0,0,0,0,0,0,0,0,0
"miR-1323-5p",0,0,0,0,0,0,0,0,0,0,0,0,0,0,0,1,0,0,0,180,154,148,124,573,742,869,3050,1843,0,0,0,0,0,0,1,0,0,0,0,0,0,0,0,0,0,0,0,0
"miR-1388-5p",0,0,0,0,0,0,0,0,0,0,0,0,0,0,0,1,0,0,0,0,0,0,0,0,0,0,0,24,0,0,0,0,0,0,0,0,0,0,0,0,0,0,0,0,0,5,0,1
"miR-203",0,0,0,0,0,0,0,0,0,0,0,0,0,0,0,1,0,0,0,0,0,0,0,0,0,0,0,0,0,0,0,0,0,0,0,0,0,0,0,0,0,0,0,0,0,0,0,0
"miR-339-5p",0,0,0,0,0,0,0,0,0,0,0,0,0,0,0,1,14,0,0,0,0,0,4,0,0,0,18,41,0,0,2,0,0,42,0,0,5,0,0,0,0,0,0,0,0,0,0,0
"miR-455-3p.2",0,0,0,0,0,0,0,0,0,0,0,0,0,0,0,1,3,1,0,0,0,0,0,0,0,0,0,0,0,0,0,0,0,0,0,0,0,0,1,0,0,0,0,0,0,0,0,0
"miR-874-3p",0,0,0,0,0,0,0,0,0,0,0,0,0,0,0,1,0,0,0,0,0,1,0,0,0,0,0,0,0,2,1,0,0,0,0,0,0,0,0,0,0,0,0,0,0,0,0,0
"miR-34",0,0,0,0,0,0,0,0,0,0,0,0,0,0,0,0,22,21,0,0,0,0,0,1,0,0,0,0,0,0,0,0,0,0,0,1,0,0,0,0,0,0,0,0,0,0,0,0
"miR-155-5p",0,0,0,0,0,0,0,0,0,0,0,0,0,0,0,0,13,6,0,0,0,0,0,0,0,0,0,0,0,367,15,0,0,0,0,0,0,0,0,5,0,0,5,0,0,0,0,0
"miR-193-5p",0,0,0,0,0,0,0,0,0,0,0,0,0,0,0,0,7,0,0,0,0,0,0,0,0,0,0,0,0,0,0,0,0,0,0,104,9,0,0,0,0,0,0,0,0,0,0,0
"miR-181a-1-3p/181c-3p",0,0,0,0,0,0,0,0,0,0,0,0,0,0,0,0,4,0,0,22,55,0,0,0,0,9,0,0,0,0,0,0,0,0,0,0,0,0,0,0,0,2,0,0,0,0,0,0
"miR-296-3p",0,0,0,0,0,0,0,0,0,0,0,0,0,0,0,0,3,6,0,0,0,0,0,0,0,0,0,0,0,0,0,0,0,0,0,0,0,0,0,0,0,0,0,0,0,0,0,0
"miR-6412",0,0,0,0,0,0,0,0,0,0,0,0,0,0,0,0,3,0,0,0,0,0,0,0,0,0,0,0,0,0,0,0,0,0,0,0,0,0,1,0,0,0,0,0,0,0,0,0
"miR-124-3p.1",0,0,0,0,0,0,0,0,0,0,0,0,0,0,0,0,2,0,0,0,0,0,0,0,0,1,0,0,0,0,0,0,0,0,0,0,0,0,0,0,0,0,0,0,0,0,0,0
"miR-196-5p",0,0,0,0,0,0,0,0,0,0,0,0,0,0,0,0,2,0,0,0,0,0,0,0,0,0,0,0,0,0,0,0,0,0,0,0,0,0,0,0,0,2,0,1,0,0,0,0
"miR-1185",0,0,0,0,0,0,0,0,0,0,0,0,0,0,0,0,1,0,0,0,0,0,0,0,0,0,0,0,0,0,0,0,0,0,0,0,0,0,0,0,0,0,0,0,0,0,0,0
"miR-455",0,0,0,0,0,0,0,0,0,0,0,0,0,0,0,0,1,0,0,0,0,0,0,0,0,0,0,0,0,0,0,0,0,0,0,0,0,0,0,0,0,0,0,0,0,0,0,0
"miR-499-3p",0,0,0,0,0,0,0,0,0,0,0,0,0,0,0,0,1,0,0,0,0,0,0,5,74,0,0,0,0,0,0,0,0,0,0,0,0,0,0,0,0,0,0,0,0,0,0,0
"miR-326-3p/330-5p",0,0,0,0,0,0,0,0,0,0,0,0,0,0,0,0,0,26,0,0,0,0,0,0,0,0,0,0,0,0,0,0,0,0,0,0,0,0,0,0,0,0,0,0,0,0,0,0
"miR-504-5p",0,0,0,0,0,0,0,0,0,0,0,0,0,0,0,0,0,16,0,0,0,0,0,0,0,0,0,0,0,0,0,0,0,0,0,0,0,0,0,0,0,0,0,0,0,0,0,0
"miR-378-3p",0,0,0,0,0,0,0,0,0,0,0,0,0,0,0,0,0,11,0,0,30,0,14,0,0,0,0,0,0,0,0,0,0,0,0,0,0,0,0,0,0,4,0,0,0,0,0,0
"miR-1224-3p",0,0,0,0,0,0,0,0,0,0,0,0,0,0,0,0,0,7,0,0,0,0,0,0,0,0,0,0,0,0,0,0,0,0,0,0,0,0,0,0,0,0,0,0,0,0,0,0
"miR-532-3p",0,0,0,0,0,0,0,0,0,0,0,0,0,0,0,0,0,7,0,0,0,0,0,0,7,0,0,0,0,0,0,0,0,0,0,0,0,0,0,0,0,0,0,0,0,0,0,0
"miR-432-5p",0,0,0,0,0,0,0,0,0,0,0,0,0,0,0,0,0,5,0,0,0,0,0,0,0,0,0,0,0,0,0,0,0,0,0,0,0,0,0,0,0,0,0,0,0,0,0,0
"miR-187-5p",0,0,0,0,0,0,0,0,0,0,0,0,0,0,0,0,0,4,0,0,0,0,0,0,0,0,0,0,0,0,0,0,0,0,0,0,0,0,0,0,0,0,0,0,0,0,0,0
"miR-218",0,0,0,0,0,0,0,0,0,0,0,0,0,0,0,0,0,2,0,0,0,0,0,0,0,0,18,0,0,0,0,0,0,0,0,0,0,0,0,0,0,0,0,0,0,0,0,0
"miR-411-5p",0,0,0,0,0,0,0,0,0,0,0,0,0,0,0,0,0,2,0,0,0,0,0,1,0,0,0,0,0,0,0,0,0,0,0,0,0,0,0,0,0,0,0,0,0,0,0,0
"miR-671-3p",0,0,0,0,0,0,0,0,0,0,0,0,0,0,0,0,0,1,0,0,30,0,22,0,0,0,0,0,0,0,0,0,0,0,0,0,0,0,0,0,0,0,0,0,0,0,0,0
"miR-499a-5p",0,0,0,0,0,0,0,0,0,0,0,0,0,0,0,0,0,0,82,0,0,0,0,8,0,28,0,0,0,0,0,0,0,0,0,2,162,0,0,0,0,0,0,0,0,0,0,0
"miR-125-3p",0,0,0,0,0,0,0,0,0,0,0,0,0,0,0,0,0,0,30,0,4,0,1,0,0,0,0,0,0,0,0,0,0,0,0,0,0,0,0,0,0,0,0,0,0,0,0,0
"miR-126-3p.1",0,0,0,0,0,0,0,0,0,0,0,0,0,0,0,0,0,0,18,0,0,0,0,24,0,30,112,0,0,0,0,0,0,0,0,0,0,0,0,0,0,0,1,0,0,0,0,0
"miR-339-5p/3586-5p",0,0,0,0,0,0,0,0,0,0,0,0,0,0,0,0,0,0,8,0,0,0,0,0,0,0,3,35,0,0,1,0,0,0,0,0,0,0,0,0,0,0,0,0,0,0,0,0
"miR-181a-2-3p",0,0,0,0,0,0,0,0,0,0,0,0,0,0,0,0,0,0,6,0,3,0,0,0,0,0,0,0,0,0,0,0,0,0,0,0,0,0,0,0,0,0,0,0,0,0,0,0
"miR-144-3p",0,0,0,0,0,0,0,0,0,0,0,0,0,0,0,0,0,0,1,0,0,0,0,5,79,9,284,41,0,0,0,0,0,0,0,0,43,228,0,0,0,0,0,0,0,21,0,0
"miR-197-5p/3132",0,0,0,0,0,0,0,0,0,0,0,0,0,0,0,0,0,0,1,0,0,0,0,0,0,0,0,0,0,0,0,0,0,0,0,0,0,0,0,0,0,0,0,0,0,0,0,0
"miR-483-3p",0,0,0,0,0,0,0,0,0,0,0,0,0,0,0,0,0,0,1,0,0,0,0,0,0,0,0,0,0,0,0,0,0,0,0,0,0,0,0,0,0,0,0,0,0,0,0,0
"miR-891a-5p",0,0,0,0,0,0,0,0,0,0,0,0,0,0,0,0,0,0,0,238,127,112,16,0,0,0,0,0,0,0,0,0,0,0,0,0,0,0,0,0,0,0,0,0,0,0,0,0
"miR-619-5p/6506-5p",0,0,0,0,0,0,0,0,0,0,0,0,0,0,0,0,0,0,0,178,322,60,52,21,7,24,2,46,0,0,0,0,0,0,0,0,0,0,0,0,0,0,0,0,0,0,0,0
"miR-509-3-5p/509-5p/4418",0,0,0,0,0,0,0,0,0,0,0,0,0,0,0,0,0,0,0,129,361,140,221,0,0,0,0,0,0,0,0,0,0,0,0,0,0,0,0,0,0,0,1,0,0,0,0,0
"miR-525-5p",0,0,0,0,0,0,0,0,0,0,0,0,0,0,0,0,0,0,0,98,84,44,17,494,782,599,2063,774,0,0,0,0,0,0,0,0,0,0,0,0,0,0,0,0,0,0,0,0
"miR-184",0,0,0,0,0,0,0,0,0,0,0,0,0,0,0,0,0,0,0,88,151,3,75,0,0,0,0,4,0,0,0,0,0,6,0,0,0,0,0,0,0,0,46,6,7,0,0,13
"miR-371a-3p",0,0,0,0,0,0,0,0,0,0,0,0,0,0,0,0,0,0,0,81,115,83,20,0,0,0,0,0,0,0,0,0,0,0,0,0,0,0,0,0,0,0,0,0,0,0,0,0
"miR-509-3p",0,0,0,0,0,0,0,0,0,0,0,0,0,0,0,0,0,0,0,68,96,51,98,0,0,0,0,0,0,0,0,0,0,0,0,0,0,0,0,0,0,0,0,0,0,0,0,0
"miR-371-3p",0,0,0,0,0,0,0,0,0,0,0,0,0,0,0,0,0,0,0,59,33,25,69,18,65,62,230,106,0,0,0,0,0,0,0,0,0,0,0,0,0,0,0,0,0,0,0,0
"miR-6821-5p",0,0,0,0,0,0,0,0,0,0,0,0,0,0,0,0,0,0,0,59,14,13,4,0,0,0,0,0,0,0,0,0,0,0,0,0,0,0,0,0,0,0,0,0,0,0,0,0
"miR-4775",0,0,0,0,0,0,0,0,0,0,0,0,0,0,0,0,0,0,0,55,2,1,1,0,0,0,0,0,0,0,0,0,0,0,0,0,0,0,0,0,0,0,0,0,0,0,0,0
"miR-512",0,0,0,0,0,0,0,0,0,0,0,0,0,0,0,0,0,0,0,54,0,0,83,0,0,0,0,0,0,0,0,0,0,0,0,0,0,0,0,0,0,0,0,0,0,0,0,0
"miR-1238-5p/4758-5p",0,0,0,0,0,0,0,0,0,0,0,0,0,0,0,0,0,0,0,52,150,39,50,0,0,0,0,0,0,0,0,0,0,0,0,0,0,0,0,0,0,0,0,0,0,0,0,0
"miR-7704",0,0,0,0,0,0,0,0,0,0,0,0,0,0,0,0,0,0,0,49,8,47,1,0,0,0,0,0,0,0,0,0,0,0,0,0,0,0,0,0,0,0,0,0,0,0,0,0
"miR-873a-5p.2",0,0,0,0,0,0,0,0,0,0,0,0,0,0,0,0,0,0,0,48,0,0,0,0,0,0,0,0,0,0,17,0,0,0,0,0,0,0,0,0,0,0,0,0,0,0,0,0
"miR-508-5p",0,0,0,0,0,0,0,0,0,0,0,0,0,0,0,0,0,0,0,45,5,13,30,8,0,22,117,2,0,0,0,0,0,0,0,0,0,0,0,0,0,0,0,0,0,0,0,0
"miR-514",0,0,0,0,0,0,0,0,0,0,0,0,0,0,0,0,0,0,0,40,0,0,0,0,0,57,2,0,0,0,0,0,0,0,0,0,0,0,0,0,0,0,0,0,0,0,0,0
"miR-202-3p",0,0,0,0,0,0,0,0,0,0,0,0,0,0,0,0,0,0,0,33,126,0,85,53,0,71,0,41,0,1,0,0,0,0,1,0,0,1,0,0,0,0,2,4,1,0,0,0
"miR-548ai/548ag/548ba/570-5p",0,0,0,0,0,0,0,0,0,0,0,0,0,0,0,0,0,0,0,27,9,5,11,0,0,0,0,0,0,0,0,0,0,0,0,0,0,0,0,0,0,0,0,0,0,0,0,0
"miR-6501-5p",0,0,0,0,0,0,0,0,0,0,0,0,0,0,0,0,0,0,0,24,0,0,0,0,0,0,0,0,0,0,0,0,0,0,0,0,0,0,0,0,0,0,0,0,0,0,0,0
"miR-3689a-5p/3689b-5p/3689e/3689f",0,0,0,0,0,0,0,0,0,0,0,0,0,0,0,0,0,0,0,23,0,3,15,0,0,0,0,0,0,0,0,0,0,0,0,0,0,0,0,0,0,0,0,0,0,0,0,0
"miR-16-2-3p/195-3p",0,0,0,0,0,0,0,0,0,0,0,0,0,0,0,0,0,0,0,22,19,1,0,10,27,76,23,0,0,0,0,0,0,0,0,0,0,0,0,0,0,0,0,0,0,0,0,0
"miR-524-5p",0,0,0,0,0,0,0,0,0,0,0,0,0,0,0,0,0,0,0,20,0,50,11,0,0,19,8,0,0,0,0,0,0,0,0,0,0,0,0,0,0,0,0,0,0,0,0,0
"miR-5683",0,0,0,0,0,0,0,0,0,0,0,0,0,0,0,0,0,0,0,20,160,5,51,0,0,0,0,0,0,0,0,0,0,0,0,0,0,0,0,0,0,0,0,0,0,0,0,0
"miR-4689/6858-5p",0,0,0,0,0,0,0,0,0,0,0,0,0,0,0,0,0,0,0,18,0,0,0,0,0,0,0,0,0,0,0,0,0,0,0,0,0,0,0,0,0,0,0,0,0,0,0,0
"miR-3940-3p",0,0,0,0,0,0,0,0,0,0,0,0,0,0,0,0,0,0,0,15,11,0,0,0,0,0,0,0,0,0,0,0,0,0,0,0,0,0,0,0,0,0,0,0,0,0,0,0
"miR-1180-3p",0,0,0,0,0,0,0,0,0,0,0,0,0,0,0,0,0,0,0,13,26,9,19,0,0,10,71,2,0,0,0,0,0,0,0,0,0,0,0,0,0,0,0,0,0,0,0,0
"miR-664b-5p",0,0,0,0,0,0,0,0,0,0,0,0,0,0,0,0,0,0,0,13,34,0,0,0,0,0,0,0,0,0,0,0,0,0,0,0,0,0,0,0,0,0,0,0,0,0,0,0
"miR-585-5p",0,0,0,0,0,0,0,0,0,0,0,0,0,0,0,0,0,0,0,11,0,0,0,0,0,0,0,0,0,0,0,0,0,0,0,0,0,0,0,0,0,0,0,0,0,0,0,0
"miR-6892-5p",0,0,0,0,0,0,0,0,0,0,0,0,0,0,0,0,0,0,0,11,71,20,0,0,0,0,0,0,0,0,0,0,0,0,0,0,0,0,0,0,0,0,0,0,0,0,0,0
"miR-372-5p",0,0,0,0,0,0,0,0,0,0,0,0,0,0,0,0,0,0,0,9,10,0,44,2,24,10,74,12,0,0,0,0,0,0,0,0,0,0,0,0,0,0,0,0,0,0,0,0
"miR-6511-5p",0,0,0,0,0,0,0,0,0,0,0,0,0,0,0,0,0,0,0,7,1,0,6,0,0,0,0,0,0,0,0,0,0,0,0,0,0,0,0,0,0,0,0,0,0,0,0,0
"miR-1307-5p",0,0,0,0,0,0,0,0,0,0,0,0,0,0,0,0,0,0,0,6,0,0,0,0,0,0,0,1,0,0,0,0,0,0,0,0,0,0,0,0,0,0,0,0,0,0,0,0
"miR-518d-5p/519-5p",0,0,0,0,0,0,0,0,0,0,0,0,0,0,0,0,0,0,0,6,28,41,1,21,6,0,0,47,0,0,0,0,0,0,0,0,0,0,0,0,0,0,0,0,0,0,0,0
"miR-1298",0,0,0,0,0,0,0,0,0,0,0,0,0,0,0,0,0,0,0,5,0,3,33,0,0,0,0,0,0,0,0,0,0,0,0,0,0,0,0,0,0,0,0,0,0,0,0,0
"miR-15b-3p",0,0,0,0,0,0,0,0,0,0,0,0,0,0,0,0,0,0,0,5,0,0,23,11,0,32,6,15,0,33,0,0,0,0,99,0,0,0,0,0,0,0,0,0,0,0,0,0
"miR-526b-5p",0,0,0,0,0,0,0,0,0,0,0,0,0,0,0,0,0,0,0,5,2,5,0,109,9,14,231,171,0,0,0,0,0,0,0,0,0,0,0,0,0,0,0,0,0,0,0,0
"miR-4758-3p",0,0,0,0,0,0,0,0,0,0,0,0,0,0,0,0,0,0,0,4,0,0,0,0,0,0,0,0,0,0,0,0,0,0,0,0,0,0,0,0,0,0,0,0,0,0,0,0
"miR-1247",0,0,0,0,0,0,0,0,0,0,0,0,0,0,0,0,0,0,0,2,0,0,0,0,0,0,0,0,0,0,0,0,0,0,0,0,0,0,0,0,0,0,0,0,0,0,0,0
"miR-216a-5p",0,0,0,0,0,0,0,0,0,0,0,0,0,0,0,0,0,0,0,2,0,0,0,0,0,0,0,0,0,0,0,0,0,0,0,21,0,0,0,0,0,0,0,0,0,0,0,0
"miR-378/422",0,0,0,0,0,0,0,0,0,0,0,0,0,0,0,0,0,0,0,2,0,0,1,0,0,0,0,0,0,0,458,0,0,0,0,0,0,0,0,0,0,0,0,0,0,0,0,0
"miR-548ay-5p/548au-5p/548as-5p/548ar-5p/548aq-5p/548ap-5p/548am-5p/548ae-5p/548ad-5p/548a-5p/548ak/548ab/548bb-5p/548b-5p/548c-5p/548d-5p/548h-5p/548i/548j-5p/548o-5p/548w/548y/559",0,0,0,0,0,0,0,0,0,0,0,0,0,0,0,0,0,0,0,2,0,0,0,0,0,0,0,0,0,0,0,0,0,0,0,0,0,0,0,0,0,0,0,0,0,0,0,0
"miR-512-3p",0,0,0,0,0,0,0,0,0,0,0,0,0,0,0,0,0,0,0,1,8,0,0,0,0,0,0,0,0,0,0,0,0,0,0,0,0,0,0,0,0,0,0,0,0,0,0,0
"miR-514-3p",0,0,0,0,0,0,0,0,0,0,0,0,0,0,0,0,0,0,0,1,47,10,25,36,7,88,195,136,0,0,0,0,0,0,0,0,0,0,0,0,0,0,0,0,0,0,0,0
"miR-548e-5p",0,0,0,0,0,0,0,0,0,0,0,0,0,0,0,0,0,0,0,1,0,0,0,0,0,0,0,0,0,0,0,0,0,0,0,0,0,0,0,0,0,0,0,0,0,0,0,0
"miR-3180-5p",0,0,0,0,0,0,0,0,0,0,0,0,0,0,0,0,0,0,0,0,94,19,18,0,0,0,0,0,0,0,0,0,0,0,0,0,0,0,0,0,0,0,0,0,0,0,0,0
"miR-625-3p",0,0,0,0,0,0,0,0,0,0,0,0,0,0,0,0,0,0,0,0,60,0,0,0,0,0,0,0,0,0,0,0,0,0,0,0,0,0,0,0,0,0,0,0,0,0,0,0
"miR-517-3p",0,0,0,0,0,0,0,0,0,0,0,0,0,0,0,0,0,0,0,0,54,0,0,163,99,140,442,142,0,0,0,0,0,0,0,0,0,0,0,0,0,0,0,0,0,0,0,0
"miR-508-3p",0,0,0,0,0,0,0,0,0,0,0,0,0,0,0,0,0,0,0,0,52,15,74,0,0,0,0,0,0,0,0,0,0,0,0,0,0,0,0,0,0,0,0,0,0,0,0,0
"miR-615-3p",0,0,0,0,0,0,0,0,0,0,0,0,0,0,0,0,0,0,0,0,38,8,12,0,0,0,0,0,0,4,0,0,0,0,0,0,0,0,0,0,0,0,0,1,0,0,0,0
"miR-25-5p",0,0,0,0,0,0,0,0,0,0,0,0,0,0,0,0,0,0,0,0,23,0,0,0,0,0,0,0,0,0,0,0,0,0,0,0,0,0,0,0,0,0,0,0,0,0,0,0
"miR-514a-3p",0,0,0,0,0,0,0,0,0,0,0,0,0,0,0,0,0,0,0,0,23,1,0,122,25,0,206,1,0,0,0,0,0,0,0,0,0,0,0,0,0,0,0,0,0,0,0,0
"miR-3096-5p",0,0,0,0,0,0,0,0,0,0,0,0,0,0,0,0,0,0,0,0,20,0,1,0,0,0,0,0,0,0,0,0,0,0,0,0,0,0,0,0,0,0,0,0,0,0,0,0
"miR-302-5p/424-3p",0,0,0,0,0,0,0,0,0,0,0,0,0,0,0,0,0,0,0,0,17,0,0,0,0,0,0,0,0,0,0,0,0,0,0,0,0,0,0,0,0,0,0,0,0,0,0,0
"miR-615",0,0,0,0,0,0,0,0,0,0,0,0,0,0,0,0,0,0,0,0,17,0,0,0,0,0,0,0,0,309,0,0,0,0,0,0,0,0,0,0,0,0,0,0,0,0,0,0
"miR-3200-5p",0,0,0,0,0,0,0,0,0,0,0,0,0,0,0,0,0,0,0,0,16,0,0,0,0,0,0,0,0,0,0,0,0,0,0,0,0,0,0,0,0,0,0,0,0,0,0,0
"miR-873-5p",0,0,0,0,0,0,0,0,0,0,0,0,0,0,0,0,0,0,0,0,16,0,3,0,0,32,1,3,0,146,0,103,0,0,0,0,49,0,0,0,0,0,0,37,0,0,0,0
"miR-4706/4749-5p",0,0,0,0,0,0,0,0,0,0,0,0,0,0,0,0,0,0,0,0,15,7,4,0,0,0,0,0,0,0,0,0,0,0,0,0,0,0,0,0,0,0,0,0,0,0,0,0
"miR-1237-5p/4488/4697-5p",0,0,0,0,0,0,0,0,0,0,0,0,0,0,0,0,0,0,0,0,14,1,30,1,0,25,0,3,0,0,0,0,0,0,0,0,0,0,0,0,0,0,0,0,0,0,0,0
"miR-191-3p",0,0,0,0,0,0,0,0,0,0,0,0,0,0,0,0,0,0,0,0,14,0,0,0,0,2,0,0,0,0,0,0,0,0,0,0,0,0,0,0,0,0,0,0,0,0,0,0
"miR-3144-5p",0,0,0,0,0,0,0,0,0,0,0,0,0,0,0,0,0,0,0,0,14,0,39,0,0,0,0,0,0,0,0,0,0,0,0,0,0,0,0,0,0,0,0,0,0,0,0,0
"miR-450b",0,0,0,0,0,0,0,0,0,0,0,0,0,0,0,0,0,0,0,0,14,0,15,1,0,0,0,0,0,0,0,0,0,8,0,0,0,0,0,0,6,0,0,0,0,0,0,0
"miR-339-3p",0,0,0,0,0,0,0,0,0,0,0,0,0,0,0,0,0,0,0,0,13,19,10,19,0,14,1,33,0,0,0,0,0,0,0,0,0,0,0,0,0,0,0,0,0,0,0,0
"miR-27b-5p",0,0,0,0,0,0,0,0,0,0,0,0,0,0,0,0,0,0,0,0,11,0,0,0,0,0,0,0,0,0,0,0,0,0,0,0,2,0,0,0,0,0,0,0,0,0,0,0
"miR-345-5p",0,0,0,0,0,0,0,0,0,0,0,0,0,0,0,0,0,0,0,0,11,21,0,0,0,0,0,0,0,0,0,0,0,0,0,0,0,0,0,0,0,0,0,0,0,0,0,0
"miR-4481/4745-5p",0,0,0,0,0,0,0,0,0,0,0,0,0,0,0,0,0,0,0,0,11,13,15,0,0,0,0,0,0,0,0,0,0,0,0,0,0,0,0,0,0,0,0,0,0,0,0,0
"miR-548k",0,0,0,0,0,0,0,0,0,0,0,0,0,0,0,0,0,0,0,0,11,0,0,0,0,0,0,0,0,0,0,0,0,0,0,0,0,0,0,0,0,0,0,0,0,0,0,0
"miR-1298-5p",0,0,0,0,0,0,0,0,0,0,0,0,0,0,0,0,0,0,0,0,10,0,12,0,0,0,0,0,0,0,0,0,0,0,0,0,0,0,0,0,1,0,0,0,0,0,0,0
"miR-548az-3p/548ar-3p/548a-3p/548e-3p/548f-3p",0,0,0,0,0,0,0,0,0,0,0,0,0,0,0,0,0,0,0,0,10,2,0,0,0,0,0,0,0,0,0,0,0,0,0,0,0,0,0,0,0,0,0,0,0,0,0,0
"miR-760",0,0,0,0,0,0,0,0,0,0,0,0,0,0,0,0,0,0,0,0,10,0,0,0,0,0,0,0,0,0,0,0,0,0,0,0,0,0,0,0,0,0,0,0,0,0,0,0
"miR-17-5p/20/93/106",0,0,0,0,0,0,0,0,0,0,0,0,0,0,0,0,0,0,0,0,9,0,0,23,0,39,0,0,0,0,0,0,0,0,0,2,0,268,0,0,0,0,0,0,2,6,0,0
"miR-515-5p/519e-5p",0,0,0,0,0,0,0,0,0,0,0,0,0,0,0,0,0,0,0,0,8,6,68,0,0,0,0,0,0,0,0,0,0,0,0,0,0,0,0,0,0,0,0,0,0,0,0,0
"miR-1229-5p",0,0,0,0,0,0,0,0,0,0,0,0,0,0,0,0,0,0,0,0,6,0,0,0,0,0,0,0,0,0,0,0,0,0,0,0,0,0,0,0,0,0,0,0,0,0,0,0
"miR-345",0,0,0,0,0,0,0,0,0,0,0,0,0,0,0,0,0,0,0,0,5,0,14,0,0,0,0,0,0,0,0,0,0,0,0,0,0,0,0,0,0,0,0,0,0,0,0,0
"miR-5701",0,0,0,0,0,0,0,0,0,0,0,0,0,0,0,0,0,0,0,0,4,0,0,0,0,0,0,0,0,0,0,0,0,0,0,0,0,0,0,0,0,0,0,0,0,0,0,0
"miR-1257",0,0,0,0,0,0,0,0,0,0,0,0,0,0,0,0,0,0,0,0,3,0,39,0,0,0,0,0,0,0,0,0,0,0,0,0,0,0,0,0,0,0,0,0,0,0,0,0
"miR-135a-1-3p",0,0,0,0,0,0,0,0,0,0,0,0,0,0,0,0,0,0,0,0,3,36,0,0,0,0,0,0,0,0,0,0,0,0,0,0,0,0,0,0,0,0,0,0,0,0,0,0
"miR-542",0,0,0,0,0,0,0,0,0,0,0,0,0,0,0,0,0,0,0,0,3,1,0,0,0,0,0,0,0,0,0,0,0,0,0,0,0,0,0,0,0,0,0,0,11,0,0,0
"miR-518bc-3p",0,0,0,0,0,0,0,0,0,0,0,0,0,0,0,0,0,0,0,0,2,1,41,372,326,411,1166,482,0,0,0,0,0,0,0,0,0,0,0,0,0,0,0,0,0,0,0,0
"miR-1285/612",0,0,0,0,0,0,0,0,0,0,0,0,0,0,0,0,0,0,0,0,1,0,0,0,0,0,0,0,0,0,0,0,0,0,0,0,0,0,0,0,0,0,0,0,0,0,0,0
"miR-1296",0,0,0,0,0,0,0,0,0,0,0,0,0,0,0,0,0,0,0,0,1,0,6,0,0,15,0,0,0,0,0,0,0,0,0,0,0,0,0,0,0,0,0,0,0,0,0,0
"miR-132",0,0,0,0,0,0,0,0,0,0,0,0,0,0,0,0,0,0,0,0,1,0,0,0,0,0,1,0,0,0,0,0,0,0,0,0,0,0,19,0,0,0,0,0,0,0,0,0
"miR-16-3p/195-3p",0,0,0,0,0,0,0,0,0,0,0,0,0,0,0,0,0,0,0,0,1,22,0,46,0,0,13,108,0,0,0,0,0,1,0,0,0,0,0,0,0,0,0,0,0,0,0,0
"miR-378/378c",0,0,0,0,0,0,0,0,0,0,0,0,0,0,0,0,0,0,0,0,1,0,0,0,33,0,0,4,0,0,4,7,0,0,0,0,5,0,0,0,0,0,0,0,0,0,0,0
"miR-483-5p",0,0,0,0,0,0,0,0,0,0,0,0,0,0,0,0,0,0,0,0,1,0,0,0,0,16,0,0,0,0,0,0,0,0,0,0,0,0,0,0,0,0,0,0,0,0,0,0
"miR-517a",0,0,0,0,0,0,0,0,0,0,0,0,0,0,0,0,0,0,0,0,1,0,0,0,0,0,0,0,0,0,0,0,0,0,0,0,0,0,0,0,0,0,0,0,0,0,0,0
"miR-660-5p",0,0,0,0,0,0,0,0,0,0,0,0,0,0,0,0,0,0,0,0,1,0,0,0,0,0,1,0,0,0,0,0,0,0,0,0,0,0,0,0,0,0,0,0,0,0,0,0
"miR-184-3p",0,0,0,0,0,0,0,0,0,0,0,0,0,0,0,0,0,0,0,0,0,59,0,0,0,0,0,0,0,0,0,0,0,0,0,0,0,0,0,0,0,0,1,0,1,0,0,0
"miR-6832-5p",0,0,0,0,0,0,0,0,0,0,0,0,0,0,0,0,0,0,0,0,0,26,0,0,0,0,0,0,0,0,0,0,0,0,0,0,0,0,0,0,0,0,0,0,0,0,0,0
"miR-4434/4516/5703",0,0,0,0,0,0,0,0,0,0,0,0,0,0,0,0,0,0,0,0,0,23,0,0,0,0,0,0,0,0,0,0,0,0,0,0,0,0,0,0,0,0,0,0,0,0,0,0
"miR-373",0,0,0,0,0,0,0,0,0,0,0,0,0,0,0,0,0,0,0,0,0,20,35,0,0,0,0,0,0,0,0,0,0,0,0,0,0,0,0,0,0,0,0,0,0,0,0,0
"miR-371b-5p/373-5p/616-5p",0,0,0,0,0,0,0,0,0,0,0,0,0,0,0,0,0,0,0,0,0,16,0,0,0,0,0,0,0,0,0,0,0,0,0,0,0,0,0,0,0,0,0,0,0,0,0,0
"miR-517-5p",0,0,0,0,0,0,0,0,0,0,0,0,0,0,0,0,0,0,0,0,0,15,0,0,0,0,0,1,0,0,0,0,0,0,0,0,0,0,0,0,0,0,0,0,0,0,0,0
"miR-518-5p/519/523",0,0,0,0,0,0,0,0,0,0,0,0,0,0,0,0,0,0,0,0,0,15,16,979,811,1539,2963,1290,0,0,0,0,0,0,0,0,0,0,0,0,0,0,0,0,0,0,0,0
"miR-577",0,0,0,0,0,0,0,0,0,0,0,0,0,0,0,0,0,0,0,0,0,15,0,0,0,0,0,0,0,0,0,0,0,0,0,0,0,0,0,0,0,0,0,0,0,0,0,0
"miR-95",0,0,0,0,0,0,0,0,0,0,0,0,0,0,0,0,0,0,0,0,0,15,4,0,12,0,0,1,0,0,0,0,0,0,0,0,0,0,0,0,0,0,0,0,0,0,0,0
"miR-5197-5p",0,0,0,0,0,0,0,0,0,0,0,0,0,0,0,0,0,0,0,0,0,14,0,0,0,0,0,0,0,0,0,0,0,0,0,0,0,0,0,0,0,0,0,0,0,0,0,0
"miR-664a-5p/4794",0,0,0,0,0,0,0,0,0,0,0,0,0,0,0,0,0,0,0,0,0,12,0,0,0,1,0,1,0,0,0,0,0,0,0,0,0,0,0,0,0,0,0,0,0,0,0,0
"miR-7706",0,0,0,0,0,0,0,0,0,0,0,0,0,0,0,0,0,0,0,0,0,8,0,0,0,0,0,0,0,0,0,0,0,0,0,0,0,0,0,0,0,0,0,0,0,0,0,0
"miR-1225-5p",0,0,0,0,0,0,0,0,0,0,0,0,0,0,0,0,0,0,0,0,0,5,0,0,0,0,0,0,0,0,0,0,0,0,0,0,0,0,0,0,0,0,0,0,0,0,0,0
"miR-17-5p/20-5p/93-5p/106-5p/1643-3p",0,0,0,0,0,0,0,0,0,0,0,0,0,0,0,0,0,0,0,0,0,3,0,2,34,1,213,0,0,0,0,1,0,0,0,205,32,0,0,0,3,0,0,0,0,0,0,0
"miR-188-3p",0,0,0,0,0,0,0,0,0,0,0,0,0,0,0,0,0,0,0,0,0,3,0,0,0,0,0,0,0,0,0,0,0,0,0,0,0,0,0,0,0,0,0,0,0,0,0,0
"miR-518c-5p",0,0,0,0,0,0,0,0,0,0,0,0,0,0,0,0,0,0,0,0,0,3,0,0,0,0,0,0,0,0,0,0,0,0,0,0,0,0,0,0,0,0,0,0,0,0,0,0
"miR-6807-5p",0,0,0,0,0,0,0,0,0,0,0,0,0,0,0,0,0,0,0,0,0,3,0,0,0,0,0,0,0,0,0,0,0,0,0,0,0,0,0,0,0,0,0,0,0,0,0,0
"miR-1283a",0,0,0,0,0,0,0,0,0,0,0,0,0,0,0,0,0,0,0,0,0,2,0,0,0,0,0,0,0,0,0,0,0,0,0,0,0,0,0,0,0,0,0,0,0,0,0,0
"miR-3148",0,0,0,0,0,0,0,0,0,0,0,0,0,0,0,0,0,0,0,0,0,2,0,0,0,0,0,0,0,0,0,0,0,0,0,0,0,0,0,0,0,0,0,0,0,0,0,1
"miR-600",0,0,0,0,0,0,0,0,0,0,0,0,0,0,0,0,0,0,0,0,0,2,0,0,0,0,0,0,0,0,0,0,0,0,0,0,0,0,0,0,0,0,0,0,0,0,0,0
"miR-3533",0,0,0,0,0,0,0,0,0,0,0,0,0,0,0,0,0,0,0,0,0,1,0,0,0,0,0,0,0,0,0,0,0,0,0,0,0,0,0,0,0,0,0,0,0,0,0,0
"miR-5096",0,0,0,0,0,0,0,0,0,0,0,0,0,0,0,0,0,0,0,0,0,1,0,0,0,0,0,0,0,0,0,0,0,0,0,0,0,0,0,0,0,0,0,0,0,0,0,0
"miR-671",0,0,0,0,0,0,0,0,0,0,0,0,0,0,0,0,0,0,0,0,0,1,0,0,0,0,0,0,0,0,0,0,0,0,0,1,0,0,0,0,0,0,0,0,0,0,0,0
"miR-92b-5p",0,0,0,0,0,0,0,0,0,0,0,0,0,0,0,0,0,0,0,0,0,0,56,0,0,0,177,0,0,0,0,0,0,1,0,0,0,0,0,0,0,2,0,0,0,0,0,0
"miR-6803-3p",0,0,0,0,0,0,0,0,0,0,0,0,0,0,0,0,0,0,0,0,0,0,42,0,0,0,0,0,0,0,0,0,0,0,0,0,0,0,0,0,0,0,0,0,0,0,0,0
"miR-1229-3p",0,0,0,0,0,0,0,0,0,0,0,0,0,0,0,0,0,0,0,0,0,0,40,0,0,0,0,0,0,0,0,0,0,0,0,0,0,0,0,0,0,0,0,0,0,0,0,0
"miR-7702",0,0,0,0,0,0,0,0,0,0,0,0,0,0,0,0,0,0,0,0,0,0,35,0,0,0,0,0,0,0,0,0,0,0,0,0,0,0,0,0,0,0,0,0,0,0,0,0
"miR-1264",0,0,0,0,0,0,0,0,0,0,0,0,0,0,0,0,0,0,0,0,0,0,30,0,0,0,0,0,0,0,0,0,0,0,0,0,0,0,0,0,0,0,0,0,0,0,0,0
"miR-374b-3p",0,0,0,0,0,0,0,0,0,0,0,0,0,0,0,0,0,0,0,0,0,0,20,0,0,0,0,0,0,0,0,0,0,0,0,0,0,0,0,0,0,0,0,0,0,0,0,0
"miR-1587/3620-5p",0,0,0,0,0,0,0,0,0,0,0,0,0,0,0,0,0,0,0,0,0,0,14,0,0,0,0,0,0,0,0,0,0,0,0,0,0,0,0,0,0,0,0,0,0,0,0,0
"miR-513a",0,0,0,0,0,0,0,0,0,0,0,0,0,0,0,0,0,0,0,0,0,0,11,0,0,0,0,0,0,0,0,0,0,0,0,0,0,0,0,0,0,0,0,0,0,0,0,0
"miR-3613-5p",0,0,0,0,0,0,0,0,0,0,0,0,0,0,0,0,0,0,0,0,0,0,5,0,0,0,0,0,0,0,0,0,0,0,0,0,0,0,0,0,0,0,0,0,0,0,0,0
"miR-513a-3p/513c-3p/3606-3p",0,0,0,0,0,0,0,0,0,0,0,0,0,0,0,0,0,0,0,0,0,0,5,39,52,52,39,16,0,0,0,0,0,0,0,0,0,0,0,0,0,0,0,0,0,0,0,0
"miR-5006-5p",0,0,0,0,0,0,0,0,0,0,0,0,0,0,0,0,0,0,0,0,0,0,3,0,0,0,0,0,0,0,0,0,0,0,0,0,0,0,0,0,0,0,0,0,0,0,0,0
"miR-141-5p",0,0,0,0,0,0,0,0,0,0,0,0,0,0,0,0,0,0,0,0,0,0,2,0,0,0,0,0,0,0,0,0,0,0,0,0,0,0,0,0,0,0,0,0,0,0,0,0
"miR-188-5p",0,0,0,0,0,0,0,0,0,0,0,0,0,0,0,0,0,0,0,0,0,0,2,0,0,0,0,0,0,0,0,0,0,0,0,0,0,0,0,0,0,0,0,0,0,0,0,0
"miR-3180-3p",0,0,0,0,0,0,0,0,0,0,0,0,0,0,0,0,0,0,0,0,0,0,2,0,0,0,0,0,0,0,0,0,0,0,0,0,0,0,0,0,0,0,0,0,0,0,0,0
"miR-4705",0,0,0,0,0,0,0,0,0,0,0,0,0,0,0,0,0,0,0,0,0,0,1,0,0,0,0,0,0,0,0,0,0,0,0,0,0,0,0,0,0,0,0,0,0,0,0,0
"miR-628-3p",0,0,0,0,0,0,0,0,0,0,0,0,0,0,0,0,0,0,0,0,0,0,1,0,0,0,6,0,0,0,0,0,0,0,0,0,0,0,0,0,0,0,0,0,0,0,0,0
"miR-6511-3p",0,0,0,0,0,0,0,0,0,0,0,0,0,0,0,0,0,0,0,0,0,0,1,0,0,0,0,0,0,0,0,0,0,0,0,0,0,0,0,0,0,0,0,0,0,0,0,0
"miR-676-3p",0,0,0,0,0,0,0,0,0,0,0,0,0,0,0,0,0,0,0,0,0,0,1,3,0,0,0,1,0,116,48,0,0,0,0,0,0,0,0,0,0,0,0,1,0,0,0,0
"miR-944",0,0,0,0,0,0,0,0,0,0,0,0,0,0,0,0,0,0,0,0,0,0,1,0,0,0,0,0,0,0,0,0,0,0,0,0,0,0,0,0,0,0,0,0,0,0,0,0
"miR-219-5p/508-3p",0,0,0,0,0,0,0,0,0,0,0,0,0,0,0,0,0,0,0,0,0,0,0,399,452,517,1169,486,0,0,0,0,0,0,0,1,0,0,0,0,0,0,0,0,0,0,0,0
"miR-519e",0,0,0,0,0,0,0,0,0,0,0,0,0,0,0,0,0,0,0,0,0,0,0,336,405,331,558,333,0,0,0,0,0,0,0,0,1,0,0,0,0,0,0,0,0,0,0,0
"miR-510-5p",0,0,0,0,0,0,0,0,0,0,0,0,0,0,0,0,0,0,0,0,0,0,0,106,133,189,664,136,0,0,0,0,0,0,0,0,0,0,0,0,0,0,0,0,0,0,0,0
"miR-506",0,0,0,0,0,0,0,0,0,0,0,0,0,0,0,0,0,0,0,0,0,0,0,101,0,0,0,0,0,0,0,0,0,0,0,0,0,0,0,0,0,0,0,0,0,0,0,0
"miR-521",0,0,0,0,0,0,0,0,0,0,0,0,0,0,0,0,0,0,0,0,0,0,0,98,19,18,111,142,0,0,0,0,0,0,0,0,0,0,0,0,0,0,0,0,0,0,0,0
"miR-520f-5p",0,0,0,0,0,0,0,0,0,0,0,0,0,0,0,0,0,0,0,0,0,0,0,82,103,24,0,110,0,0,0,0,0,0,0,0,0,0,0,0,0,0,0,0,0,0,0,0
"miR-512-5p",0,0,0,0,0,0,0,0,0,0,0,0,0,0,0,0,0,0,0,0,0,0,0,59,35,1,17,21,0,0,0,0,0,0,0,0,0,0,0,0,0,0,0,0,0,0,0,0
"miR-517/519/1323-3p",0,0,0,0,0,0,0,0,0,0,0,0,0,0,0,0,0,0,0,0,0,0,0,48,0,65,1,3,0,0,0,0,0,0,0,0,0,0,0,0,0,0,0,0,0,0,0,0
"miR-328",0,0,0,0,0,0,0,0,0,0,0,0,0,0,0,0,0,0,0,0,0,0,0,45,0,0,0,0,0,4,215,0,0,0,0,0,0,0,0,0,0,0,5,0,0,0,0,0
"miR-452-5p/892-3p",0,0,0,0,0,0,0,0,0,0,0,0,0,0,0,0,0,0,0,0,0,0,0,41,9,8,0,37,0,0,0,0,0,0,0,0,0,0,0,0,0,0,0,0,0,0,0,0
"miR-498",0,0,0,0,0,0,0,0,0,0,0,0,0,0,0,0,0,0,0,0,0,0,0,41,0,0,0,0,0,0,0,0,0,0,0,0,0,0,0,0,0,0,0,0,0,0,0,0
"miR-369-3p",0,0,0,0,0,0,0,0,0,0,0,0,0,0,0,0,0,0,0,0,0,0,0,39,58,3,74,0,0,0,0,0,0,0,0,0,0,0,0,0,0,0,0,0,0,0,0,0
"miR-510-3p",0,0,0,0,0,0,0,0,0,0,0,0,0,0,0,0,0,0,0,0,0,0,0,30,0,87,159,1,0,0,0,0,0,0,0,0,0,0,0,0,0,0,0,0,0,0,0,0
"miR-337-3p",0,0,0,0,0,0,0,0,0,0,0,0,0,0,0,0,0,0,0,0,0,0,0,23,0,0,0,0,0,0,0,0,0,0,0,0,0,0,0,0,0,0,3,0,0,0,0,0
"miR-374a-3p",0,0,0,0,0,0,0,0,0,0,0,0,0,0,0,0,0,0,0,0,0,0,0,23,0,0,0,1,0,0,0,0,0,0,0,0,0,0,0,0,0,0,0,0,0,0,0,0
"miR-892b",0,0,0,0,0,0,0,0,0,0,0,0,0,0,0,0,0,0,0,0,0,0,0,19,11,2,86,20,0,0,0,0,0,0,0,0,0,0,0,0,0,0,0,0,0,0,0,0
"miR-512-3p/7193-5p",0,0,0,0,0,0,0,0,0,0,0,0,0,0,0,0,0,0,0,0,0,0,0,16,13,3,110,47,0,0,0,0,0,0,0,0,0,0,0,0,0,0,0,0,0,0,0,0
"miR-370-3p",0,0,0,0,0,0,0,0,0,0,0,0,0,0,0,0,0,0,0,0,0,0,0,15,0,1,187,73,0,0,0,2,0,0,0,0,0,0,0,0,0,0,0,0,0,0,0,0
"miR-665",0,0,0,0,0,0,0,0,0,0,0,0,0,0,0,0,0,0,0,0,0,0,0,15,0,0,1,13,0,0,0,0,0,0,0,0,0,0,0,0,0,0,0,0,0,0,0,0
"miR-1273g-3p",0,0,0,0,0,0,0,0,0,0,0,0,0,0,0,0,0,0,0,0,0,0,0,14,0,32,0,8,0,0,0,0,0,0,0,0,0,0,0,0,1,0,0,0,0,0,0,0
"miR-518df-3p",0,0,0,0,0,0,0,0,0,0,0,0,0,0,0,0,0,0,0,0,0,0,0,14,11,18,125,3,0,0,0,0,0,0,0,0,0,0,0,0,0,0,0,0,0,0,0,0
"miR-506-3p",0,0,0,0,0,0,0,0,0,0,0,0,0,0,0,0,0,0,0,0,0,0,0,11,0,0,0,0,0,0,0,0,0,0,0,0,0,0,0,0,0,0,0,0,0,0,0,0
"miR-369",0,0,0,0,0,0,0,0,0,0,0,0,0,0,0,0,0,0,0,0,0,0,0,10,0,0,0,0,0,0,0,0,0,0,0,0,0,0,0,0,0,0,0,0,0,0,0,0
"miR-891-5p",0,0,0,0,0,0,0,0,0,0,0,0,0,0,0,0,0,0,0,0,0,0,0,10,73,58,106,79,0,0,0,0,0,0,0,0,0,0,0,0,0,0,0,0,0,0,0,0
"miR-518",0,0,0,0,0,0,0,0,0,0,0,0,0,0,0,0,0,0,0,0,0,0,0,9,55,0,0,22,0,0,0,0,0,0,0,0,0,0,0,0,0,0,0,0,0,0,0,0
"miR-509",0,0,0,0,0,0,0,0,0,0,0,0,0,0,0,0,0,0,0,0,0,0,0,8,0,2,0,0,0,0,0,0,0,0,0,0,0,0,0,0,0,0,0,0,0,0,0,0
"miR-514a-5p",0,0,0,0,0,0,0,0,0,0,0,0,0,0,0,0,0,0,0,0,0,0,0,8,0,49,0,0,0,0,0,0,0,0,0,0,0,0,0,0,0,0,0,0,0,0,0,0
"miR-519b",0,0,0,0,0,0,0,0,0,0,0,0,0,0,0,0,0,0,0,0,0,0,0,8,0,13,0,5,0,0,0,0,0,0,0,0,0,0,0,0,0,0,0,0,0,0,0,0
"miR-9",0,0,0,0,0,0,0,0,0,0,0,0,0,0,0,0,0,0,0,0,0,0,0,8,0,2,0,0,0,0,0,0,0,0,0,0,0,1,0,0,0,0,0,0,0,1,0,0
"miR-1307",0,0,0,0,0,0,0,0,0,0,0,0,0,0,0,0,0,0,0,0,0,0,0,4,0,0,0,0,0,0,0,0,0,0,0,0,0,0,0,0,0,0,0,0,0,0,0,0
"miR-519-5p/526",0,0,0,0,0,0,0,0,0,0,0,0,0,0,0,0,0,0,0,0,0,0,0,4,0,0,0,0,0,0,0,0,0,0,0,0,0,0,0,0,0,0,0,0,0,0,0,0
"miR-522",0,0,0,0,0,0,0,0,0,0,0,0,0,0,0,0,0,0,0,0,0,0,0,2,1,0,3,0,0,0,0,0,0,0,0,0,0,0,0,0,0,0,0,0,0,0,0,0
"miR-523",0,0,0,0,0,0,0,0,0,0,0,0,0,0,0,0,0,0,0,0,0,0,0,2,21,35,17,30,0,0,0,0,0,0,0,0,0,0,0,0,0,0,0,0,0,0,0,0
"miR-548ac/548bb-3p/548d-3p/548h-3p/548z",0,0,0,0,0,0,0,0,0,0,0,0,0,0,0,0,0,0,0,0,0,0,0,2,0,0,0,0,0,0,0,0,0,0,0,0,0,0,0,0,0,0,0,0,0,0,0,0
"miR-548i-5p",0,0,0,0,0,0,0,0,0,0,0,0,0,0,0,0,0,0,0,0,0,0,0,2,0,0,0,0,0,0,0,0,0,0,0,0,0,0,0,0,0,0,0,0,0,0,0,0
"miR-218-5p",0,0,0,0,0,0,0,0,0,0,0,0,0,0,0,0,0,0,0,0,0,0,0,1,0,22,0,0,0,0,0,0,0,0,23,0,27,0,0,0,7,0,0,0,0,0,0,0
"miR-381",0,0,0,0,0,0,0,0,0,0,0,0,0,0,0,0,0,0,0,0,0,0,0,1,0,0,31,0,0,0,0,0,0,0,0,0,0,0,2,0,0,0,0,0,0,0,0,0
"miR-508",0,0,0,0,0,0,0,0,0,0,0,0,0,0,0,0,0,0,0,0,0,0,0,1,0,0,0,1,0,0,0,0,0,0,0,0,0,0,0,0,0,0,0,0,0,0,0,0
"miR-890-3p",0,0,0,0,0,0,0,0,0,0,0,0,0,0,0,0,0,0,0,0,0,0,0,1,26,110,90,11,0,0,0,0,0,0,0,0,0,0,0,0,0,0,0,0,0,0,0,0
"miR-1468",0,0,0,0,0,0,0,0,0,0,0,0,0,0,0,0,0,0,0,0,0,0,0,0,45,0,0,0,0,0,0,0,0,0,0,0,0,0,0,0,0,0,0,0,0,0,0,0
"miR-126-3p.2",0,0,0,0,0,0,0,0,0,0,0,0,0,0,0,0,0,0,0,0,0,0,0,0,43,34,4,46,0,0,0,0,0,0,0,0,0,0,0,0,0,0,0,0,0,0,0,0
"miR-338-3p",0,0,0,0,0,0,0,0,0,0,0,0,0,0,0,0,0,0,0,0,0,0,0,0,28,0,0,0,0,0,0,0,0,111,0,2,10,0,0,0,0,0,0,0,0,0,0,0
"miR-506-5p",0,0,0,0,0,0,0,0,0,0,0,0,0,0,0,0,0,0,0,0,0,0,0,0,28,0,0,0,0,0,0,0,0,0,0,0,0,0,0,0,0,0,0,0,0,0,0,0
"miR-409",0,0,0,0,0,0,0,0,0,0,0,0,0,0,0,0,0,0,0,0,0,0,0,0,14,0,0,47,0,0,0,0,0,0,0,0,0,0,0,0,0,0,0,0,0,0,0,0
"miR-520-5p",0,0,0,0,0,0,0,0,0,0,0,0,0,0,0,0,0,0,0,0,0,0,0,0,5,0,0,0,0,0,0,0,0,0,0,0,0,0,0,0,0,0,0,0,0,0,0,0
"miR-132/212",0,0,0,0,0,0,0,0,0,0,0,0,0,0,0,0,0,0,0,0,0,0,0,0,4,0,0,0,0,0,0,0,0,0,0,0,0,0,12,0,6,0,0,0,0,0,0,0
"miR-520",0,0,0,0,0,0,0,0,0,0,0,0,0,0,0,0,0,0,0,0,0,0,0,0,3,0,0,0,0,0,0,0,0,0,0,0,0,0,0,0,0,0,0,0,0,0,0,0
"miR-124-3p.2/506-3p",0,0,0,0,0,0,0,0,0,0,0,0,0,0,0,0,0,0,0,0,0,0,0,0,1,22,141,67,0,0,0,0,0,0,0,0,0,0,0,0,0,0,0,0,0,0,0,0
"miR-95-3p",0,0,0,0,0,0,0,0,0,0,0,0,0,0,0,0,0,0,0,0,0,0,0,0,1,3,0,0,0,0,0,0,0,0,0,0,0,0,0,0,0,0,0,0,0,0,0,0
"miR-1248",0,0,0,0,0,0,0,0,0,0,0,0,0,0,0,0,0,0,0,0,0,0,0,0,0,56,0,2,0,0,0,0,0,0,138,0,198,100,0,0,0,0,0,0,0,0,0,0
"miR-30-3p/6559-5p",0,0,0,0,0,0,0,0,0,0,0,0,0,0,0,0,0,0,0,0,0,0,0,0,0,42,0,0,0,0,0,0,0,0,0,0,0,0,0,0,0,0,0,0,0,0,0,0
"miR-494",0,0,0,0,0,0,0,0,0,0,0,0,0,0,0,0,0,0,0,0,0,0,0,0,0,34,0,0,0,0,0,0,0,0,0,0,0,0,0,0,0,0,0,0,0,0,0,0
"miR-494-3p",0,0,0,0,0,0,0,0,0,0,0,0,0,0,0,0,0,0,0,0,0,0,0,0,0,26,3,0,0,0,0,0,0,0,0,0,0,0,0,0,0,0,0,0,0,0,0,0
"miR-655",0,0,0,0,0,0,0,0,0,0,0,0,0,0,0,0,0,0,0,0,0,0,0,0,0,21,0,0,0,0,0,0,0,0,0,0,0,0,0,0,0,0,0,0,0,0,0,0
"miR-142",0,0,0,0,0,0,0,0,0,0,0,0,0,0,0,0,0,0,0,0,0,0,0,0,0,20,265,0,0,0,0,0,0,0,0,0,0,0,0,0,0,0,0,0,0,0,0,0
"miR-299-3p",0,0,0,0,0,0,0,0,0,0,0,0,0,0,0,0,0,0,0,0,0,0,0,0,0,17,0,0,0,0,0,0,0,0,0,0,0,0,0,0,0,0,0,0,0,0,0,0
"miR-7201-3p",0,0,0,0,0,0,0,0,0,0,0,0,0,0,0,0,0,0,0,0,0,0,0,0,0,16,0,0,0,0,0,0,0,0,0,0,0,0,0,0,0,0,0,0,0,0,0,0
"miR-483",0,0,0,0,0,0,0,0,0,0,0,0,0,0,0,0,0,0,0,0,0,0,0,0,0,12,0,0,0,0,0,0,0,0,0,0,0,0,0,0,0,0,0,0,0,0,0,0
"miR-377",0,0,0,0,0,0,0,0,0,0,0,0,0,0,0,0,0,0,0,0,0,0,0,0,0,10,0,0,0,0,0,0,0,0,0,0,0,0,0,0,0,0,0,0,0,0,0,0
"miR-2904",0,0,0,0,0,0,0,0,0,0,0,0,0,0,0,0,0,0,0,0,0,0,0,0,0,6,2,5,0,0,0,0,0,0,2,0,0,0,0,0,0,0,0,0,0,0,0,0
"miR-126a-5p",0,0,0,0,0,0,0,0,0,0,0,0,0,0,0,0,0,0,0,0,0,0,0,0,0,5,0,0,0,0,0,0,0,0,0,0,0,0,0,0,0,0,0,0,0,0,0,0
"miR-370",0,0,0,0,0,0,0,0,0,0,0,0,0,0,0,0,0,0,0,0,0,0,0,0,0,4,0,0,0,0,0,0,0,0,0,0,0,0,0,0,0,0,0,0,0,0,0,0
"miR-504",0,0,0,0,0,0,0,0,0,0,0,0,0,0,0,0,0,0,0,0,0,0,0,0,0,4,0,0,0,0,0,0,0,0,0,0,0,0,0,0,0,7,0,0,0,0,0,0
"miR-483-3p.2",0,0,0,0,0,0,0,0,0,0,0,0,0,0,0,0,0,0,0,0,0,0,0,0,0,3,0,0,0,0,0,0,0,0,0,0,0,0,0,0,0,0,0,0,0,0,0,0
"miR-6651-5p",0,0,0,0,0,0,0,0,0,0,0,0,0,0,0,0,0,0,0,0,0,0,0,0,0,3,0,0,0,0,0,0,0,0,0,0,0,0,0,0,0,0,0,0,2,0,0,0
"miR-409-3p",0,0,0,0,0,0,0,0,0,0,0,0,0,0,0,0,0,0,0,0,0,0,0,0,0,2,0,5,0,0,0,0,0,0,0,0,0,0,0,0,0,0,0,0,0,0,0,0
"miR-652-5p",0,0,0,0,0,0,0,0,0,0,0,0,0,0,0,0,0,0,0,0,0,0,0,0,0,2,0,0,0,0,0,0,0,0,0,0,0,0,0,0,0,0,0,0,0,0,0,0
"miR-1246",0,0,0,0,0,0,0,0,0,0,0,0,0,0,0,0,0,0,0,0,0,0,0,0,0,1,0,0,0,0,0,0,0,0,0,0,0,0,0,0,0,0,0,0,0,0,0,0
"miR-20a-3p",0,0,0,0,0,0,0,0,0,0,0,0,0,0,0,0,0,0,0,0,0,0,0,0,0,1,22,0,0,0,0,0,0,0,0,0,0,0,0,0,0,0,0,0,0,0,0,0
"miR-323a-3p",0,0,0,0,0,0,0,0,0,0,0,0,0,0,0,0,0,0,0,0,0,0,0,0,0,1,0,0,0,0,0,0,0,0,0,0,0,0,0,0,0,0,0,0,0,0,0,0
"miR-522-3p",0,0,0,0,0,0,0,0,0,0,0,0,0,0,0,0,0,0,0,0,0,0,0,0,0,0,165,0,0,0,0,0,0,0,0,0,0,0,0,0,0,0,0,0,0,0,0,0
"miR-411",0,0,0,0,0,0,0,0,0,0,0,0,0,0,0,0,0,0,0,0,0,0,0,0,0,0,107,0,0,0,0,0,0,0,0,0,0,0,0,0,0,0,0,0,0,0,0,0
"miR-873-5p/7179-3p",0,0,0,0,0,0,0,0,0,0,0,0,0,0,0,0,0,0,0,0,0,0,0,0,0,0,93,0,0,0,0,0,0,0,0,0,0,0,0,0,0,0,0,0,0,0,0,0
"miR-505-3p.2",0,0,0,0,0,0,0,0,0,0,0,0,0,0,0,0,0,0,0,0,0,0,0,0,0,0,23,0,0,0,0,0,0,0,66,0,10,5,0,0,0,1,0,0,0,0,0,0
"miR-4421/5699-3p",0,0,0,0,0,0,0,0,0,0,0,0,0,0,0,0,0,0,0,0,0,0,0,0,0,0,18,0,0,0,0,0,0,0,0,0,0,0,0,0,0,0,0,0,0,0,0,0
"miR-590-3p",0,0,0,0,0,0,0,0,0,0,0,0,0,0,0,0,0,0,0,0,0,0,0,0,0,0,11,0,0,0,0,0,0,0,0,4,0,0,0,0,0,0,0,0,0,0,0,0
"miR-412-5p",0,0,0,0,0,0,0,0,0,0,0,0,0,0,0,0,0,0,0,0,0,0,0,0,0,0,5,0,0,0,0,0,0,0,0,0,0,0,0,0,0,0,0,0,0,0,0,0
"miR-215",0,0,0,0,0,0,0,0,0,0,0,0,0,0,0,0,0,0,0,0,0,0,0,0,0,0,2,0,0,0,0,0,0,0,0,0,0,0,0,0,0,0,0,0,0,0,0,0
"miR-425-3p",0,0,0,0,0,0,0,0,0,0,0,0,0,0,0,0,0,0,0,0,0,0,0,0,0,0,2,0,0,0,0,0,30,0,0,0,0,0,0,0,0,20,0,0,0,0,0,0
"miR-539-3p",0,0,0,0,0,0,0,0,0,0,0,0,0,0,0,0,0,0,0,0,0,0,0,0,0,0,2,0,0,0,0,0,0,0,0,0,0,0,0,0,0,0,0,0,0,0,0,0
"miR-205-3p",0,0,0,0,0,0,0,0,0,0,0,0,0,0,0,0,0,0,0,0,0,0,0,0,0,0,1,0,0,0,0,0,0,1059,469,451,433,385,0,0,0,0,0,0,0,0,0,0
"miR-2284x",0,0,0,0,0,0,0,0,0,0,0,0,0,0,0,0,0,0,0,0,0,0,0,0,0,0,1,0,0,0,0,0,0,0,0,0,0,0,0,0,0,0,0,0,0,0,0,0
"miR-548aq-3p/548am-3p/548aj-3p/548ah-3p/548ae-3p/548j-3p/548x-3p",0,0,0,0,0,0,0,0,0,0,0,0,0,0,0,0,0,0,0,0,0,0,0,0,0,0,1,0,0,0,0,0,0,0,0,0,0,0,0,0,0,0,0,0,0,0,0,0
"miR-758-3p",0,0,0,0,0,0,0,0,0,0,0,0,0,0,0,0,0,0,0,0,0,0,0,0,0,0,1,3,0,0,0,0,0,0,0,0,0,0,0,0,0,0,0,0,0,0,0,0
"miR-7a-1-3p",0,0,0,0,0,0,0,0,0,0,0,0,0,0,0,0,0,0,0,0,0,0,0,0,0,0,1,0,0,0,0,0,0,0,0,0,0,0,0,0,0,0,0,0,0,0,0,0
"miR-361-3p/7200-5p",0,0,0,0,0,0,0,0,0,0,0,0,0,0,0,0,0,0,0,0,0,0,0,0,0,0,0,61,0,0,0,0,0,0,0,0,0,0,0,0,0,0,0,0,0,0,0,0
"miR-337-5p",0,0,0,0,0,0,0,0,0,0,0,0,0,0,0,0,0,0,0,0,0,0,0,0,0,0,0,19,0,0,0,0,0,0,0,0,0,0,0,0,0,0,0,0,0,0,0,0
"let-7f-2-3p/1185-3p",0,0,0,0,0,0,0,0,0,0,0,0,0,0,0,0,0,0,0,0,0,0,0,0,0,0,0,17,0,0,0,0,0,0,0,0,0,0,0,0,0,0,0,0,0,0,0,0
"miR-664a-3p",0,0,0,0,0,0,0,0,0,0,0,0,0,0,0,0,0,0,0,0,0,0,0,0,0,0,0,17,0,0,0,0,0,0,0,0,0,0,0,0,0,0,0,0,0,0,0,0
"miR-889-3p",0,0,0,0,0,0,0,0,0,0,0,0,0,0,0,0,0,0,0,0,0,0,0,0,0,0,0,15,0,0,0,0,0,0,0,0,0,0,0,0,0,0,0,0,0,0,0,0
"miR-331-5p/6973b-5p",0,0,0,0,0,0,0,0,0,0,0,0,0,0,0,0,0,0,0,0,0,0,0,0,0,0,0,12,0,0,0,0,0,0,0,0,0,0,0,0,0,0,0,0,0,0,0,0
"miR-7198-3p",0,0,0,0,0,0,0,0,0,0,0,0,0,0,0,0,0,0,0,0,0,0,0,0,0,0,0,12,0,0,0,0,0,0,0,0,0,0,0,0,0,0,0,0,0,0,0,0
"miR-7184-3p",0,0,0,0,0,0,0,0,0,0,0,0,0,0,0,0,0,0,0,0,0,0,0,0,0,0,0,10,0,0,0,0,0,0,0,0,0,0,0,0,0,0,0,0,0,0,0,0
"miR-3077-3p",0,0,0,0,0,0,0,0,0,0,0,0,0,0,0,0,0,0,0,0,0,0,0,0,0,0,0,9,0,340,0,0,0,0,0,0,0,0,0,0,0,0,0,0,0,0,0,0
"miR-628",0,0,0,0,0,0,0,0,0,0,0,0,0,0,0,0,0,0,0,0,0,0,0,0,0,0,0,5,0,0,0,0,0,0,0,0,0,0,0,0,0,0,0,0,0,0,0,0
"miR-487-3p",0,0,0,0,0,0,0,0,0,0,0,0,0,0,0,0,0,0,0,0,0,0,0,0,0,0,0,4,0,0,0,0,0,0,0,0,0,0,0,0,0,0,0,0,0,0,0,0
"miR-3557-5p",0,0,0,0,0,0,0,0,0,0,0,0,0,0,0,0,0,0,0,0,0,0,0,0,0,0,0,2,0,0,0,0,0,0,0,0,0,0,0,0,0,0,0,0,0,0,0,0
"miR-493-5p",0,0,0,0,0,0,0,0,0,0,0,0,0,0,0,0,0,0,0,0,0,0,0,0,0,0,0,2,0,0,0,0,0,0,0,0,0,0,0,0,0,0,0,0,0,0,0,0
"miR-1973",0,0,0,0,0,0,0,0,0,0,0,0,0,0,0,0,0,0,0,0,0,0,0,0,0,0,0,1,0,0,0,0,0,0,0,0,0,0,0,0,0,0,0,0,0,0,0,0
"miR-486-3p",0,0,0,0,0,0,0,0,0,0,0,0,0,0,0,0,0,0,0,0,0,0,0,0,0,0,0,1,0,0,0,0,0,0,0,0,0,0,0,0,0,0,0,0,0,0,0,0
"miR-291-3p",0,0,0,0,0,0,0,0,0,0,0,0,0,0,0,0,0,0,0,0,0,0,0,0,0,0,0,0,42,1296,188,466,0,0,0,0,0,0,107,154,293,157,4,130,1,0,0,0
"miR-880-3p",0,0,0,0,0,0,0,0,0,0,0,0,0,0,0,0,0,0,0,0,0,0,0,0,0,0,0,0,32,2030,604,82,0,0,0,0,0,0,0,0,0,0,1,2,1,0,0,0
"miR-1948-3p",0,0,0,0,0,0,0,0,0,0,0,0,0,0,0,0,0,0,0,0,0,0,0,0,0,0,0,0,30,0,0,0,0,0,0,0,0,0,0,0,0,0,0,0,0,0,0,0
"miR-465abc-3p",0,0,0,0,0,0,0,0,0,0,0,0,0,0,0,0,0,0,0,0,0,0,0,0,0,0,0,0,20,240,82,735,0,0,0,0,0,0,0,0,0,0,3,5,3,0,0,0
"miR-7018-3p/7023-3p/7068-3p",0,0,0,0,0,0,0,0,0,0,0,0,0,0,0,0,0,0,0,0,0,0,0,0,0,0,0,0,5,19,65,73,6,0,0,0,0,0,0,0,0,0,0,0,0,0,0,0
"miR-1247-5p",0,0,0,0,0,0,0,0,0,0,0,0,0,0,0,0,0,0,0,0,0,0,0,0,0,0,0,0,1,71,0,1,0,0,0,0,0,0,0,0,0,0,0,1,0,0,0,0
"miR-293-3p",0,0,0,0,0,0,0,0,0,0,0,0,0,0,0,0,0,0,0,0,0,0,0,0,0,0,0,0,1,745,30,37,0,0,0,0,0,0,0,0,0,0,0,1,0,0,0,0
"miR-365-5p",0,0,0,0,0,0,0,0,0,0,0,0,0,0,0,0,0,0,0,0,0,0,0,0,0,0,0,0,1,0,0,0,0,0,0,0,0,0,0,0,0,0,0,0,0,0,0,0
"miR-741-5p",0,0,0,0,0,0,0,0,0,0,0,0,0,0,0,0,0,0,0,0,0,0,0,0,0,0,0,0,0,359,0,0,0,0,0,0,0,0,0,0,0,0,0,0,0,0,0,0
"miR-139-3p",0,0,0,0,0,0,0,0,0,0,0,0,0,0,0,0,0,0,0,0,0,0,0,0,0,0,0,0,0,248,9,0,0,0,35,0,0,7,0,0,0,0,0,0,1,0,0,0
"miR-103-2-5p",0,0,0,0,0,0,0,0,0,0,0,0,0,0,0,0,0,0,0,0,0,0,0,0,0,0,0,0,0,202,0,0,0,0,0,0,0,0,0,0,0,0,0,0,0,0,0,0
"miR-292b-5p/294-5p",0,0,0,0,0,0,0,0,0,0,0,0,0,0,0,0,0,0,0,0,0,0,0,0,0,0,0,0,0,157,0,0,0,0,0,0,0,0,0,0,0,0,0,0,0,0,0,0
"miR-881-3p",0,0,0,0,0,0,0,0,0,0,0,0,0,0,0,0,0,0,0,0,0,0,0,0,0,0,0,0,0,65,0,423,0,0,0,0,0,0,0,0,0,0,0,2,2,0,1,0
"miR-433",0,0,0,0,0,0,0,0,0,0,0,0,0,0,0,0,0,0,0,0,0,0,0,0,0,0,0,0,0,60,0,0,0,0,0,0,0,0,0,0,0,0,0,0,0,0,0,0
"miR-871-5p",0,0,0,0,0,0,0,0,0,0,0,0,0,0,0,0,0,0,0,0,0,0,0,0,0,0,0,0,0,57,8,172,0,0,0,0,0,0,0,0,0,0,3,3,2,0,0,0
"miR-434-5p",0,0,0,0,0,0,0,0,0,0,0,0,0,0,0,0,0,0,0,0,0,0,0,0,0,0,0,0,0,34,0,0,0,0,0,0,0,0,0,0,0,0,0,3,0,0,0,0
"miR-434-3p",0,0,0,0,0,0,0,0,0,0,0,0,0,0,0,0,0,0,0,0,0,0,0,0,0,0,0,0,0,30,0,0,0,0,0,0,0,2,0,0,0,0,0,2,0,0,0,0
"miR-541-5p",0,0,0,0,0,0,0,0,0,0,0,0,0,0,0,0,0,0,0,0,0,0,0,0,0,0,0,0,0,26,461,0,0,0,0,0,0,0,0,0,0,0,1,109,149,0,0,0
"miR-1964-3p",0,0,0,0,0,0,0,0,0,0,0,0,0,0,0,0,0,0,0,0,0,0,0,0,0,0,0,0,0,13,0,0,0,0,0,0,0,0,0,0,0,0,0,0,0,0,0,0
"miR-471-5p",0,0,0,0,0,0,0,0,0,0,0,0,0,0,0,0,0,0,0,0,0,0,0,0,0,0,0,0,0,12,0,0,100,0,0,0,0,0,0,0,0,0,7,53,1,0,0,0
"miR-17-3p/191-3p",0,0,0,0,0,0,0,0,0,0,0,0,0,0,0,0,0,0,0,0,0,0,0,0,0,0,0,0,0,9,0,0,0,0,0,0,0,0,0,0,0,0,0,0,0,0,0,0
"miR-412",0,0,0,0,0,0,0,0,0,0,0,0,0,0,0,0,0,0,0,0,0,0,0,0,0,0,0,0,0,9,0,0,0,0,0,0,0,0,0,0,0,0,0,0,0,0,0,0
"miR-872-3p",0,0,0,0,0,0,0,0,0,0,0,0,0,0,0,0,0,0,0,0,0,0,0,0,0,0,0,0,0,9,601,0,0,0,0,0,0,0,0,0,0,0,0,0,0,0,0,0
"miR-3547-3p",0,0,0,0,0,0,0,0,0,0,0,0,0,0,0,0,0,0,0,0,0,0,0,0,0,0,0,0,0,4,0,0,0,0,0,0,0,0,0,0,0,0,0,0,0,0,0,0
"miR-1949/5618-3p",0,0,0,0,0,0,0,0,0,0,0,0,0,0,0,0,0,0,0,0,0,0,0,0,0,0,0,0,0,3,0,0,0,0,0,0,0,0,0,0,0,0,0,0,0,0,0,0
"miR-547-3p",0,0,0,0,0,0,0,0,0,0,0,0,0,0,0,0,0,0,0,0,0,0,0,0,0,0,0,0,0,3,0,3,0,0,0,0,0,0,0,0,0,0,5,8,5,0,0,0
"miR-103a-2-5p",0,0,0,0,0,0,0,0,0,0,0,0,0,0,0,0,0,0,0,0,0,0,0,0,0,0,0,0,0,2,0,0,0,0,0,0,0,0,0,0,0,0,0,0,0,0,0,0
"miR-1981-5p",0,0,0,0,0,0,0,0,0,0,0,0,0,0,0,0,0,0,0,0,0,0,0,0,0,0,0,0,0,2,0,0,0,0,0,0,0,0,0,0,0,0,0,0,0,0,0,0
"miR-873-5p.2",0,0,0,0,0,0,0,0,0,0,0,0,0,0,0,0,0,0,0,0,0,0,0,0,0,0,0,0,0,2,0,0,0,0,0,0,83,0,0,0,0,0,0,0,0,0,0,0
"miR-3073b-3p",0,0,0,0,0,0,0,0,0,0,0,0,0,0,0,0,0,0,0,0,0,0,0,0,0,0,0,0,0,1,0,0,0,0,0,0,0,0,0,0,0,0,0,0,0,0,0,0
"miR-342-5p",0,0,0,0,0,0,0,0,0,0,0,0,0,0,0,0,0,0,0,0,0,0,0,0,0,0,0,0,0,1,0,0,0,0,0,0,0,0,0,0,0,0,0,0,0,0,0,0
"miR-873a-3p",0,0,0,0,0,0,0,0,0,0,0,0,0,0,0,0,0,0,0,0,0,0,0,0,0,0,0,0,0,0,413,0,0,0,0,0,0,0,0,0,0,0,0,0,0,0,0,0
"miR-7035-3p",0,0,0,0,0,0,0,0,0,0,0,0,0,0,0,0,0,0,0,0,0,0,0,0,0,0,0,0,0,0,366,0,0,0,0,0,0,0,0,0,0,0,0,0,0,0,0,0
"miR-8114",0,0,0,0,0,0,0,0,0,0,0,0,0,0,0,0,0,0,0,0,0,0,0,0,0,0,0,0,0,0,242,0,0,0,0,0,0,0,0,0,0,0,0,0,0,0,0,0
"miR-501-5p",0,0,0,0,0,0,0,0,0,0,0,0,0,0,0,0,0,0,0,0,0,0,0,0,0,0,0,0,0,0,5,0,0,0,0,0,0,0,0,0,0,0,0,0,0,0,0,0
"miR-328-3p",0,0,0,0,0,0,0,0,0,0,0,0,0,0,0,0,0,0,0,0,0,0,0,0,0,0,0,0,0,0,2,2,9,0,0,0,0,0,0,0,0,0,0,0,2,0,0,0
"miR-17-3p/20-3p/106-3p",0,0,0,0,0,0,0,0,0,0,0,0,0,0,0,0,0,0,0,0,0,0,0,0,0,0,0,0,0,0,1,0,0,0,0,0,0,0,0,0,0,0,0,0,0,0,0,0
"miR-503-3p",0,0,0,0,0,0,0,0,0,0,0,0,0,0,0,0,0,0,0,0,0,0,0,0,0,0,0,0,0,0,1,0,0,0,0,0,0,0,0,0,0,0,0,0,53,0,0,0
"miR-3105-3p",0,0,0,0,0,0,0,0,0,0,0,0,0,0,0,0,0,0,0,0,0,0,0,0,0,0,0,0,0,0,0,319,0,0,0,0,0,0,0,0,0,0,0,0,0,0,0,0
"miR-672-5p",0,0,0,0,0,0,0,0,0,0,0,0,0,0,0,0,0,0,0,0,0,0,0,0,0,0,0,0,0,0,0,80,0,0,0,0,0,0,0,0,0,0,5,0,0,0,0,0
"miR-183-3p",0,0,0,0,0,0,0,0,0,0,0,0,0,0,0,0,0,0,0,0,0,0,0,0,0,0,0,0,0,0,0,8,0,0,0,0,0,0,0,0,0,0,0,0,0,0,0,0
"miR-676-5p",0,0,0,0,0,0,0,0,0,0,0,0,0,0,0,0,0,0,0,0,0,0,0,0,0,0,0,0,0,0,0,7,0,0,0,0,0,0,0,0,0,0,0,0,0,0,0,0
"miR-1941-5p",0,0,0,0,0,0,0,0,0,0,0,0,0,0,0,0,0,0,0,0,0,0,0,0,0,0,0,0,0,0,0,4,0,0,0,0,0,0,0,0,0,0,0,0,0,0,0,0
"miR-1981-3p",0,0,0,0,0,0,0,0,0,0,0,0,0,0,0,0,0,0,0,0,0,0,0,0,0,0,0,0,0,0,0,4,0,0,0,0,0,0,0,0,0,0,0,0,0,0,0,0
"miR-350",0,0,0,0,0,0,0,0,0,0,0,0,0,0,0,0,0,0,0,0,0,0,0,0,0,0,0,0,0,0,0,4,0,0,0,0,0,0,0,0,0,0,0,0,0,0,0,0
"miR-379",0,0,0,0,0,0,0,0,0,0,0,0,0,0,0,0,0,0,0,0,0,0,0,0,0,0,0,0,0,0,0,0,31,0,0,0,0,0,0,0,0,0,0,0,0,0,0,0
"miR-489",0,0,0,0,0,0,0,0,0,0,0,0,0,0,0,0,0,0,0,0,0,0,0,0,0,0,0,0,0,0,0,0,0,349,375,582,431,447,0,0,0,0,0,0,0,0,0,0
"miR-664",0,0,0,0,0,0,0,0,0,0,0,0,0,0,0,0,0,0,0,0,0,0,0,0,0,0,0,0,0,0,0,0,0,214,223,63,287,86,0,0,0,0,0,0,0,0,0,0
"miR-129b-3p",0,0,0,0,0,0,0,0,0,0,0,0,0,0,0,0,0,0,0,0,0,0,0,0,0,0,0,0,0,0,0,0,0,45,6,7,0,5,0,0,0,0,0,0,0,0,0,0
"miR-489-3p",0,0,0,0,0,0,0,0,0,0,0,0,0,0,0,0,0,0,0,0,0,0,0,0,0,0,0,0,0,0,0,0,0,1,0,0,0,0,0,0,0,0,0,0,0,0,0,0
"miR-216b",0,0,0,0,0,0,0,0,0,0,0,0,0,0,0,0,0,0,0,0,0,0,0,0,0,0,0,0,0,0,0,0,0,0,14,18,0,0,0,0,0,0,0,0,0,0,0,0
"miR-2320-3p",0,0,0,0,0,0,0,0,0,0,0,0,0,0,0,0,0,0,0,0,0,0,0,0,0,0,0,0,0,0,0,0,0,0,13,0,280,0,0,0,0,0,0,0,0,0,0,0
"miR-505-3p",0,0,0,0,0,0,0,0,0,0,0,0,0,0,0,0,0,0,0,0,0,0,0,0,0,0,0,0,0,0,0,0,0,0,4,0,0,0,0,0,0,0,0,0,0,0,0,0
"miR-3660",0,0,0,0,0,0,0,0,0,0,0,0,0,0,0,0,0,0,0,0,0,0,0,0,0,0,0,0,0,0,0,0,0,0,2,0,0,0,0,0,0,0,0,0,0,0,0,0
"miR-3059-5p",0,0,0,0,0,0,0,0,0,0,0,0,0,0,0,0,0,0,0,0,0,0,0,0,0,0,0,0,0,0,0,0,0,0,0,55,0,205,0,0,0,0,0,0,0,0,0,0
"miR-324-3p",0,0,0,0,0,0,0,0,0,0,0,0,0,0,0,0,0,0,0,0,0,0,0,0,0,0,0,0,0,0,0,0,0,0,0,4,0,0,0,0,0,0,0,0,0,0,0,0
"miR-93-3p",0,0,0,0,0,0,0,0,0,0,0,0,0,0,0,0,0,0,0,0,0,0,0,0,0,0,0,0,0,0,0,0,0,0,0,4,0,0,0,0,0,0,0,0,0,0,0,0
"miR-200ab-5p",0,0,0,0,0,0,0,0,0,0,0,0,0,0,0,0,0,0,0,0,0,0,0,0,0,0,0,0,0,0,0,0,0,0,0,3,0,0,0,0,0,0,0,0,1,0,0,0
"miR-671-5p",0,0,0,0,0,0,0,0,0,0,0,0,0,0,0,0,0,0,0,0,0,0,0,0,0,0,0,0,0,0,0,0,0,0,0,1,0,0,0,0,0,0,0,0,0,0,0,0
"let-7i-3p",0,0,0,0,0,0,0,0,0,0,0,0,0,0,0,0,0,0,0,0,0,0,0,0,0,0,0,0,0,0,0,0,0,0,0,0,20,0,0,0,0,0,0,0,0,0,0,0
"miR-129-3p",0,0,0,0,0,0,0,0,0,0,0,0,0,0,0,0,0,0,0,0,0,0,0,0,0,0,0,0,0,0,0,0,0,0,0,0,6,0,0,0,0,0,0,0,0,0,0,0
"miR-129b-5p",0,0,0,0,0,0,0,0,0,0,0,0,0,0,0,0,0,0,0,0,0,0,0,0,0,0,0,0,0,0,0,0,0,0,0,0,6,0,0,0,0,0,0,0,0,0,0,0
"miR-216",0,0,0,0,0,0,0,0,0,0,0,0,0,0,0,0,0,0,0,0,0,0,0,0,0,0,0,0,0,0,0,0,0,0,0,0,0,43,0,0,0,0,0,0,0,0,0,0
"miR-5100",0,0,0,0,0,0,0,0,0,0,0,0,0,0,0,0,0,0,0,0,0,0,0,0,0,0,0,0,0,0,0,0,0,0,0,0,0,5,0,0,0,0,0,0,0,0,0,0
"miR-26-3p",0,0,0,0,0,0,0,0,0,0,0,0,0,0,0,0,0,0,0,0,0,0,0,0,0,0,0,0,0,0,0,0,0,0,0,0,0,0,5,0,0,0,0,0,0,0,0,0
"miR-153-5p",0,0,0,0,0,0,0,0,0,0,0,0,0,0,0,0,0,0,0,0,0,0,0,0,0,0,0,0,0,0,0,0,0,0,0,0,0,0,0,6,0,0,0,0,0,0,0,0
"miR-377-5p/672-5p",0,0,0,0,0,0,0,0,0,0,0,0,0,0,0,0,0,0,0,0,0,0,0,0,0,0,0,0,0,0,0,0,0,0,0,0,0,0,0,1,0,0,484,97,603,0,0,0
"miR-191",0,0,0,0,0,0,0,0,0,0,0,0,0,0,0,0,0,0,0,0,0,0,0,0,0,0,0,0,0,0,0,0,0,0,0,0,0,0,0,0,0,0,0,0,0,0,0,0
"miR-99/100",0,0,0,0,0,0,0,0,0,0,0,0,0,0,0,0,0,0,0,0,0,0,0,0,0,0,0,0,0,0,0,0,0,0,0,0,0,0,0,0,0,0,0,0,0,0,0,0
"miR-25/32/92/367",0,0,0,0,0,0,0,0,0,0,0,0,0,0,0,0,0,0,0,0,0,0,0,0,0,0,0,0,0,0,0,0,0,0,0,0,0,0,0,0,0,0,0,0,0,0,0,0
"miR-30-5p/384-5p",0,0,0,0,0,0,0,0,0,0,0,0,0,0,0,0,0,0,0,0,0,0,0,0,0,0,0,0,0,0,0,0,0,0,0,0,0,0,0,0,0,0,0,0,0,0,0,0
"miR-10",0,0,0,0,0,0,0,0,0,0,0,0,0,0,0,0,0,0,0,0,0,0,0,0,0,0,0,0,0,0,0,0,0,0,0,0,0,0,0,0,0,0,0,0,0,0,0,0
"miR-124-3p.2",0,0,0,0,0,0,0,0,0,0,0,0,0,0,0,0,0,0,0,0,0,0,0,0,0,0,0,0,0,0,0,0,0,0,0,0,0,0,0,0,0,1,0,0,0,0,0,0
"miR-125-5p",0,0,0,0,0,0,0,0,0,0,0,0,0,0,0,0,0,0,0,0,0,0,0,0,0,0,0,0,0,0,0,0,0,0,0,0,0,0,0,0,0,0,0,0,0,0,0,0
"miR-151",0,0,0,0,0,0,0,0,0,0,0,0,0,0,0,0,0,0,0,0,0,0,0,0,0,0,0,0,0,0,0,0,0,0,0,0,0,0,0,0,0,0,0,0,0,0,0,0
"miR-15-5p/16-5p/195-5p/322-5p/497-5p",0,0,0,0,0,0,0,0,0,0,0,0,0,0,0,0,0,0,0,0,0,0,0,0,0,0,0,0,0,0,0,0,0,0,0,0,0,0,0,0,0,0,0,0,0,0,0,0
"miR-1839",0,0,0,0,0,0,0,0,0,0,0,0,0,0,0,0,0,0,0,0,0,0,0,0,0,0,0,0,0,0,0,0,0,0,0,0,0,0,0,0,0,0,0,0,0,0,0,0
"miR-26",0,0,0,0,0,0,0,0,0,0,0,0,0,0,0,0,0,0,0,0,0,0,0,0,0,0,0,0,0,0,0,0,0,0,0,0,0,0,0,0,0,0,0,0,0,0,0,0
"miR-291-3p/294-3p/295-3p/302-3p",0,0,0,0,0,0,0,0,0,0,0,0,0,0,0,0,0,0,0,0,0,0,0,0,0,0,0,0,0,0,0,0,0,0,0,0,0,0,0,0,0,0,0,0,0,0,0,0
"miR-219-1-3p",0,0,0,0,0,0,0,0,0,0,0,0,0,0,0,0,0,0,0,0,0,0,0,0,0,0,0,0,0,0,0,0,0,0,0,0,0,0,0,0,12,0,0,0,0,0,0,0
"miR-1-3p/206",0,0,0,0,0,0,0,0,0,0,0,0,0,0,0,0,0,0,0,0,0,0,0,0,0,0,0,0,0,0,0,0,0,0,0,0,0,0,0,0,3,0,0,0,0,0,0,0
"miR-7975",0,0,0,0,0,0,0,0,0,0,0,0,0,0,0,0,0,0,0,0,0,0,0,0,0,0,0,0,0,0,0,0,0,0,0,0,0,0,0,0,2,0,0,0,1,0,0,0
"miR-511-5p/532-5p",0,0,0,0,0,0,0,0,0,0,0,0,0,0,0,0,0,0,0,0,0,0,0,0,0,0,0,0,0,0,0,0,0,0,0,0,0,0,0,0,1,0,0,0,0,0,0,0
"miR-7398d-3p",0,0,0,0,0,0,0,0,0,0,0,0,0,0,0,0,0,0,0,0,0,0,0,0,0,0,0,0,0,0,0,0,0,0,0,0,0,0,0,0,1,0,0,0,0,0,0,0
"miR-127-5p",0,0,0,0,0,0,0,0,0,0,0,0,0,0,0,0,0,0,0,0,0,0,0,0,0,0,0,0,0,0,0,0,0,0,0,0,0,0,0,0,0,26,0,0,0,0,0,0
"miR-29-5p/6131",0,0,0,0,0,0,0,0,0,0,0,0,0,0,0,0,0,0,0,0,0,0,0,0,0,0,0,0,0,0,0,0,0,0,0,0,0,0,0,0,0,1,0,0,0,0,0,0
"miR-3591",0,0,0,0,0,0,0,0,0,0,0,0,0,0,0,0,0,0,0,0,0,0,0,0,0,0,0,0,0,0,0,0,0,0,0,0,0,0,0,0,0,1,0,0,0,0,0,0
"miR-7843-3p",0,0,0,0,0,0,0,0,0,0,0,0,0,0,0,0,0,0,0,0,0,0,0,0,0,0,0,0,0,0,0,0,0,0,0,0,0,0,0,0,0,1,0,0,0,0,0,0
"miR-295-3p",0,0,0,0,0,0,0,0,0,0,0,0,0,0,0,0,0,0,0,0,0,0,0,0,0,0,0,0,0,0,0,0,0,0,0,0,0,0,0,0,0,0,344,2,4,0,0,0
"miR-743-5p/871-5p/881-5p",0,0,0,0,0,0,0,0,0,0,0,0,0,0,0,0,0,0,0,0,0,0,0,0,0,0,0,0,0,0,0,0,0,0,0,0,0,0,0,0,0,0,47,65,11,0,0,0
"miR-3551-5p",0,0,0,0,0,0,0,0,0,0,0,0,0,0,0,0,0,0,0,0,0,0,0,0,0,0,0,0,0,0,0,0,0,0,0,0,0,0,0,0,0,0,19,1,0,0,0,0
"miR-3580-3p",0,0,0,0,0,0,0,0,0,0,0,0,0,0,0,0,0,0,0,0,0,0,0,0,0,0,0,0,0,0,0,0,0,0,0,0,0,0,0,0,0,0,6,27,2,0,0,0
"miR-2404",0,0,0,0,0,0,0,0,0,0,0,0,0,0,0,0,0,0,0,0,0,0,0,0,0,0,0,0,0,0,0,0,0,0,0,0,0,0,0,0,0,0,5,0,0,0,0,0
"miR-463-5p",0,0,0,0,0,0,0,0,0,0,0,0,0,0,0,0,0,0,0,0,0,0,0,0,0,0,0,0,0,0,0,0,0,0,0,0,0,0,0,0,0,0,3,287,223,0,0,0
"miR-743b-5p",0,0,0,0,0,0,0,0,0,0,0,0,0,0,0,0,0,0,0,0,0,0,0,0,0,0,0,0,0,0,0,0,0,0,0,0,0,0,0,0,0,0,3,107,15,0,0,0
"miR-1839-3p",0,0,0,0,0,0,0,0,0,0,0,0,0,0,0,0,0,0,0,0,0,0,0,0,0,0,0,0,0,0,0,0,0,0,0,0,0,0,0,0,0,0,2,0,0,0,0,0
"miR-154-3p",0,0,0,0,0,0,0,0,0,0,0,0,0,0,0,0,0,0,0,0,0,0,0,0,0,0,0,0,0,0,0,0,0,0,0,0,0,0,0,0,0,0,1,2,0,0,0,0
"miR-28-5p/708-5p",0,0,0,0,0,0,0,0,0,0,0,0,0,0,0,0,0,0,0,0,0,0,0,0,0,0,0,0,0,0,0,0,0,0,0,0,0,0,0,0,0,0,1,0,0,0,0,0
"miR-32-3p",0,0,0,0,0,0,0,0,0,0,0,0,0,0,0,0,0,0,0,0,0,0,0,0,0,0,0,0,0,0,0,0,0,0,0,0,0,0,0,0,0,0,1,131,20,0,0,0
"miR-3475-3p/6972-5p",0,0,0,0,0,0,0,0,0,0,0,0,0,0,0,0,0,0,0,0,0,0,0,0,0,0,0,0,0,0,0,0,0,0,0,0,0,0,0,0,0,0,1,0,0,0,0,0
"miR-7217-3p",0,0,0,0,0,0,0,0,0,0,0,0,0,0,0,0,0,0,0,0,0,0,0,0,0,0,0,0,0,0,0,0,0,0,0,0,0,0,0,0,0,0,1,1,1,0,0,0
"miR-34/449-5p",0,0,0,0,0,0,0,0,0,0,0,0,0,0,0,0,0,0,0,0,0,0,0,0,0,0,0,0,0,0,0,0,0,0,0,0,0,0,0,0,0,0,0,238,124,0,0,0
"miR-376b-5p/376c-5p",0,0,0,0,0,0,0,0,0,0,0,0,0,0,0,0,0,0,0,0,0,0,0,0,0,0,0,0,0,0,0,0,0,0,0,0,0,0,0,0,0,0,0,84,0,0,0,0
"miR-299a-5p",0,0,0,0,0,0,0,0,0,0,0,0,0,0,0,0,0,0,0,0,0,0,0,0,0,0,0,0,0,0,0,0,0,0,0,0,0,0,0,0,0,0,0,55,0,0,0,0
"miR-496-3p",0,0,0,0,0,0,0,0,0,0,0,0,0,0,0,0,0,0,0,0,0,0,0,0,0,0,0,0,0,0,0,0,0,0,0,0,0,0,0,0,0,0,0,4,0,0,0,0
"miR-1/206/613",0,0,0,0,0,0,0,0,0,0,0,0,0,0,0,0,0,0,0,0,0,0,0,0,0,0,0,0,0,0,0,0,0,0,0,0,0,0,0,0,0,0,0,1,0,0,0,0
"miR-297bc-3p/466ade-3p/467g",0,0,0,0,0,0,0,0,0,0,0,0,0,0,0,0,0,0,0,0,0,0,0,0,0,0,0,0,0,0,0,0,0,0,0,0,0,0,0,0,0,0,0,1,0,0,0,0
"miR-456-3p",0,0,0,0,0,0,0,0,0,0,0,0,0,0,0,0,0,0,0,0,0,0,0,0,0,0,0,0,0,0,0,0,0,0,0,0,0,0,0,0,0,0,0,0,0,11,0,0
"miR-18-3p/7069-3p",0,0,0,0,0,0,0,0,0,0,0,0,0,0,0,0,0,0,0,0,0,0,0,0,0,0,0,0,0,0,0,0,0,0,0,0,0,0,0,0,0,0,0,0,0,1,0,0
"miR-130ac-5p",0,0,0,0,0,0,0,0,0,0,0,0,0,0,0,0,0,0,0,0,0,0,0,0,0,0,0,0,0,0,0,0,0,0,0,0,0,0,0,0,0,0,0,0,0,0,102,0
"miR-1416-5p",0,0,0,0,0,0,0,0,0,0,0,0,0,0,0,0,0,0,0,0,0,0,0,0,0,0,0,0,0,0,0,0,0,0,0,0,0,0,0,0,0,0,0,0,0,0,78,0
"let-7j-3p",0,0,0,0,0,0,0,0,0,0,0,0,0,0,0,0,0,0,0,0,0,0,0,0,0,0,0,0,0,0,0,0,0,0,0,0,0,0,0,0,0,0,0,0,0,0,7,0
"miR-2954",0,0,0,0,0,0,0,0,0,0,0,0,0,0,0,0,0,0,0,0,0,0,0,0,0,0,0,0,0,0,0,0,0,0,0,0,0,0,0,0,0,0,0,0,0,0,1,0
"miR-4677-3p",0,0,0,0,0,0,0,0,0,0,0,0,0,0,0,0,0,0,0,0,0,0,0,0,0,0,0,0,0,0,0,0,0,0,0,0,0,0,0,0,0,0,0,0,0,0,1,0
"miR-203-3p.2",0,0,0,0,0,0,0,0,0,0,0,0,0,0,0,0,0,0,0,0,0,0,0,0,0,0,0,0,0,0,0,0,0,0,0,0,0,0,0,0,0,0,0,0,0,0,0,29
